coach teams,pace teams,PFF,LS,Injuries,depth_chart,imp_totals,2021
Air Force,Air Force,AIR FORCE,,Air Force Falcons,,Air Force,Air Force
Akron,Akron,AKRON,,,,Akron,Oregon
Alabama,Alabama,ALABAMA,BAMA,Alabama Crimson Tide,Alabama,Alabama,Alabama
Appalachian State,App State,APP STATE,APPST,,,Appalachian State,Central Michigan
Arizona,Arizona,ARIZONA,ARIZ,Arizona Wildcats,,Arizona,Arizona
Arizona State,Arizona St,ARIZONA ST,ASU,Arizona State Sun Devils,Arizona State,Arizona State,Arizona State
Arkansas,Arkansas,ARKANSAS,ARK,Arkansas Razorbacks,,Arkansas,Arkansas
Arkansas State,Arkansas St,ARK STATE,ARST,,,Arkansas State,Arkansas State
Army,Army,ARMY,ARMY,,Army,Army West Point,Army
Auburn,Auburn,AUBURN,AUB,Auburn Tigers,,Auburn,Auburn
Ball State,Ball State,BALL ST,BALL,Ball State Cardinals,Ball State,Ball State,Ball State
Baylor,Baylor,BAYLOR,BAY,,,Baylor,Baylor
Boise State,Boise State,BOISE ST,BSU,,Boise State,Boise State,Boise State
Boston College,Boston Col,BOSTON COL,BC,Boston College Eagles,,Boston College,Notre Dame
Bowling Green,Bowling Grn,BOWL GREEN,,Bowling Green Falcons,,Bowling Green,Bowling Green
Buffalo,Buffalo,BUFFALO,BUFF,,,Buffalo,Buffalo
BYU,BYU,BYU,BYU,Brigham Young Cougars,,BYU,BYU
California,California,CAL,CAL,,,California,California
Central Michigan,Central Mich,C MICHIGAN,CMU,Central Michigan Chippewas,Central Michigan,Central Michigan,Clemson
Charlotte,Charlotte,CHARLOTTE,CHAR,Charlotte 49ers,Charlotte,Charlotte,Charlotte
Cincinnati,Cincinnati,CINCINNATI,CINCY,Cincinnati Bearcats,,Cincinnati,Cincinnati
Clemson,Clemson,CLEMSON,CLEM,Clemson Tigers,,Clemson,Clemson
Coastal Carolina,Coastal Car,COAST CAR,C-C,Coastal Carolina Chanticleers,Coastal Carolina,Coastal Carolina,Coastal Carolina
Colorado,Colorado,COLORADO,COL,Colorado Buffaloes,Colorado,Colorado,Minnesota
Colorado State,Colorado St,COLO STATE,,,,Colorado State,Nevada
Connecticut,Connecticut,UCONN,UCONN,Connecticut Huskies,Uconn,UConn,Connecticut
Duke,Duke,DUKE,DUKE,,Duke,Duke,Memphis
East Carolina,E Carolina,E CAROLINA,ECU,East Carolina Pirates,,East Carolina,East Carolina
Eastern Michigan,E Michigan,E MICHIGAN,EMU,,Eastern Michigan,Eastern Michigan,Eastern Michigan
Florida,Florida,FLORIDA,UF,Florida Gators,Florida,Florida,Florida
Florida Atlantic,Fla Atlantic,FAU,FAU,,,Florida Atlantic,Florida Atlantic
Florida International,Florida Intl,FIU,,Florida International Panthers,Florida Intl,FIU,Texas Tech
Florida State,Florida St,FLORIDA ST,FSU,Florida State Seminoles,Florida State,Florida State,Florida State
Fresno State,Fresno St,FRESNO ST,FRES,,Fresno State,Fresno State,Fresno State
Georgia,Georgia,GEORGIA,UGA,Georgia Bulldogs,,Georgia,Georgia
Georgia Southern,GA Southern,GA SOUTHRN,,,,Georgia Southern,Western Kentucky
Georgia State,Georgia State,GA STATE,,,Georgia State,Georgia State,Georgia State
Georgia Tech,GA Tech,GA TECH,GT,,,Georgia Tech,Tulane
Hawai'i,Hawaii,HAWAII,HAW,,Hawaii,Hawaii,Virginia
Houston,Houston,HOUSTON,UH,Houston Cougars,,Houston,Houston
Illinois,Illinois,ILLINOIS,IL,Illinois Fighting Illini,Illinois,Illinois,UT San Antonio
Indiana,Indiana,INDIANA,IU,Indiana Hoosiers,Indiana,Indiana,UMass
Iowa,Iowa,IOWA,IOWA,Iowa Hawkeyes,,Iowa,Iowa
Iowa State,Iowa State,IOWA STATE,ISU,Iowa State Cyclones,,Iowa State,Iowa State
Kansas,Kansas,KANSAS,KU,Kansas Jayhawks,Kansas,Kansas,Kansas
Kansas State,Kansas St,KANSAS ST,KSU,Kansas State Wildcats,,Kansas State,Kansas State
Kent State,Kent State,KENT STATE,KENT,,Kent State,Kent State,Kent State
Kentucky,Kentucky,KENTUCKY,UK,Kentucky Wildcats,Kentucky,Kentucky,Kentucky
Liberty,Liberty,LIBERTY,LIB,Liberty Flames,,Liberty,Liberty
Louisiana,LA Lafayette,LA LAFAYET,ULL,,,Louisiana-Lafayette,Louisiana
Louisiana Monroe,LA Monroe,LA MONROE,,,,ULM,Louisiana Monroe
Louisiana Tech,LA Tech,LA TECH,LT,,Louisiana Tech,Louisiana Tech,Texas Tech
Louisville,Louisville,LOUISVILLE,UL,Louisville Cardinals,Louisville,Louisville,Notre Dame
LSU,LSU,LSU,LSU,Louisiana State Tigers,,LSU,Cincinnati
Marshall,Marshall,MARSHALL,MRSHL,Marshall Thundering Herd,,Marshall,Marshall
Maryland,Maryland,MARYLAND,UMD,Maryland Terrapins,,Maryland,Maryland
Memphis,Memphis,MEMPHIS,MEM,Memphis Tigers,Memphis,Memphis,Marshall
Miami,Miami (FL),MIAMI FL,MIA,Miami Hurricanes,,Miami FL,Michigan
Miami (OH),Miami (OH),MIAMI OH,MIAOH,,Miami OH,Miami OH,Miami (OH)
Michigan,Michigan,MICHIGAN,MICH,Michigan Wolverines,,Michigan,Michigan
Michigan State,Michigan St,MICH STATE,MSU,Michigan State Spartans,Michigan State,Michigan State,Michigan State
Middle Tennessee,Middle Tenn,MIDDLE TN,,,,Middle Tennessee,Virginia
Minnesota,Minnesota,MINNESOTA,MINN,Minnesota Golden Gophers,Minnesota,Minnesota,West Virginia
Mississippi State,Miss State,MISS STATE,MSST,,Mississippi State,Mississippi State,Mississippi State
Missouri,Missouri,MISSOURI,MIZZ,Missouri Tigers,Missouri,Missouri,Missouri
Navy,Navy,NAVY,NAVY,,,Navy,Navy
NC State,NC State,NC STATE,NCST,,,North Carolina State,NC State
Nebraska,Nebraska,NEBRASKA,NEB,Nebraska Cornhuskers,Nebraska,Nebraska,Pittsburgh
Nevada,Nevada,NEVADA,NEV,Nevada Wolf Pack,Nevada,Nevada,UCLA
New Mexico,New Mexico,NEW MEXICO,UNM,New Mexico Lobos,New Mexico,New Mexico,New Mexico
New Mexico State,N Mex State,NEW MEX ST,NMST,New Mexico State Aggies,New Mexico State,New Mexico State,TCU
North Carolina,N Carolina,N CAROLINA,UNC,North Carolina Tar Heels,North Carolina,North Carolina,North Carolina
North Texas,North Texas,N TEXAS,NT,UNT,North Texas,North Texas,North Texas
Northern Illinois,N Illinois,N ILLINOIS,NIU,Northern Illinois Huskies,Northern Illinois,Northern Illinois,Northern Illinois
Northwestern,Northwestern,NWESTERN,NW,,Northwestern,Northwestern,Northwestern
Notre Dame,Notre Dame,NOTRE DAME,ND,Notre Dame Fighting Irish,Notre Dame,Notre Dame,Notre Dame
Ohio,Ohio,OHIO,,Ohio Bobcats,,Ohio,Ohio
Ohio State,Ohio State,OHIO STATE,OSU,Ohio State Buckeyes,Ohio State,Ohio State,Ohio State
Oklahoma,Oklahoma,OKLAHOMA,OU,,,Oklahoma,Ole Miss
Oklahoma State,Oklahoma St,OKLA STATE,OKST,Oklahoma State Cowboys,Oklahoma State,Oklahoma State,Oklahoma State
Old Dominion,Old Dominion,DOMINION,ODU,,Old Dominion,Old Dominion,Old Dominion
Ole Miss,Mississippi,OLE MISS,MISS,Mississippi Rebels,,Ole Miss,South Florida
Oregon,Oregon,OREGON,ORE,,,Oregon,Florida State
Oregon State,Oregon St,OREGON ST,ORST,Oregon State Beavers,Oregon State,Oregon State,Oregon State
Penn State,Penn State,PENN STATE,PSU,Penn State Nittany Lions,Penn State,Penn State,Penn State
Pittsburgh,Pittsburgh,PITTSBURGH,PITT,Pittsburgh Panthers,Pittsburgh,Pittsburgh,Boston College
Purdue,Purdue,PURDUE,PUR,Purdue Boilermakers,Purdue,Purdue,Purdue
Rice,Rice,RICE,,,,Rice,Rice
Rutgers,Rutgers,RUTGERS,RU,Rutgers Scarlet Knights,,Rutgers,Rutgers
San Diego State,San Diego St,S DIEGO ST,SDSU,San Diego State Aztecs,,San Diego State,San Diego State
San José State,San Jose St,S JOSE ST,,,,San Jose State,San Diego State
SMU,S Methodist,SMU,SMU,Southern Methodist Mustangs,,SMU,Missouri
South Alabama,S Alabama,S ALABAMA,,South Alabama Jaguars,,South Alabama,South Alabama
South Carolina,S Carolina,S CAROLINA,SCAR,South Carolina Gamecocks,South Carolina,South Carolina,South Carolina
South Florida,S Florida,USF,USF,South Florida Bulls,,South Florida,South Florida
Southern Mississippi,S Mississippi,SO MISS,USM,,SMU,Southern Mississippi,Liberty
Stanford,Stanford,STANFORD,STAN,,,Stanford,Stanford
Syracuse,Syracuse,SYRACUSE,SYR,Syracuse Orange,Syracuse,Syracuse,Virginia
TCU,TX Christian,TCU,TCU,Texas Christian Horned Frogs,TCU,TCU,SMU
Temple,Temple,TEMPLE,TEMP,,Temple,Temple,Colorado
Tennessee,Tennessee,TENNESSEE,TENN,Tennessee Volunteers,Tennessee,Tennessee,Tennessee
Texas,Texas,TEXAS,UT,Texas Longhorns,,Texas,Texas
Texas A&M,Texas A&M,TEXAS A&M,TA&M,Texas A&M Aggies,,Texas A&M,Texas A&M
Texas State,Texas State,TEXAS ST,,,,Texas State,Texas State
Texas Tech,Texas Tech,TEXAS TECH,TTU,Texas Tech Red Raiders,,Texas Tech,Western Kentucky
Toledo,Toledo,TOLEDO,TOL,Toledo Rockets,,Toledo,Toledo
Troy,Troy,TROY,,,,UAB,UAB
Tulane,Tulane,TULANE,TUL,,,Tulane,Tulane
Tulsa,Tulsa,TULSA,TLSA,Tulsa Golden Hurricane,,Tulsa,Tulsa
UAB,UAB,UAB,UAB,UAB Blazers,,UAB,UAB
UCF,Central FL,UCF,UCF,Central Florida Knights,UCF,UCF,Troy
UCLA,UCLA,UCLA,UCLA,,,UCLA,UCLA
UMass,U Mass,UMASS,,,,Massachusetts,Michigan
UNLV,UNLV,UNLV,UNLV,,UNLV,UNLV,UNLV
USC,USC,USC,USC,Southern California Trojans,,USC,Texas A&M
UT San Antonio,TX-San Ant,UTSA,,,,UTSA,UT San Antonio
Utah,Utah,UTAH,UTAH,,Utah,Utah,Utah
Utah State,Utah State,UTAH ST,UTST,Texas-San Antonio Roadrunners,Utah State,Utah State,Utah State
UTEP,TX El Paso,UTEP,UTEP,Texas El Paso Miners,UTEP,UTEP,UTEP
Vanderbilt,Vanderbilt,VANDERBILT,VAND,Vanderbilt Commodores,Vanderbilt,Vanderbilt,Vanderbilt
Virginia,Virginia,VIRGINIA,UV,Virginia Cavaliers,,Virginia,NC State
Virginia Tech,VA Tech,VA TECH,VT,Virginia Tech Hokies,Virginia Tech,Virginia Tech,Virginia Tech
Wake Forest,Wake Forest,WAKE,WAKE,Wake Forest Demon Deacons,Wake Forest,Wake Forest,Wake Forest
Washington,Washington,WASHINGTON,UW,Washington Huskies,Washington,Washington,Fresno State
Washington State,Wash State,WASH STATE,WSU,Washington State Cougars,,Washington State,Western Kentucky
West Virginia,W Virginia,W VIRGINIA,WVU,West Virginia Mountaineers,West Virginia,West Virginia,USC
Western Kentucky,W Kentucky,W KENTUCKY,WKU,,Western Kentucky,Western Kentucky,Western Kentucky
Western Michigan,W Michigan,W MICHIGAN,WMU,,Western Michigan,Western Michigan,Western Michigan
Wisconsin,Wisconsin,WISCONSIN,WISC,Wisconsin Badgers,,Wisconsin,Wisconsin
Wyoming,Wyoming,WYOMING,WYO,Wyoming Cowboys,Wyoming,Wyoming,Wyoming
,,,IDS,,,Idaho State,
,,,APSU,,,Austin Peay,
,,,DUQ,,,Duquesne,
,,,FAMU,,,Florida A&M,
,,,EKU,,,Eastern Kentucky,
,,,W&M,,,William and Mary,
,,,TNTC,,,Tennessee Tech,