Id,Position,First Name,Nickname,Last Name,FPPG,Played,Salary,Game,Team,Opponent,Injury Indicator,Injury Details,Tier,,,Roster Position
81856-85881,RB,Mohamed,Mohamed Ibrahim,Ibrahim,27.333333333333332,3,11000,MINN@ILL,MINN,ILL,P,Ankle,,,,RB/Super FLEX
81856-109303,QB,Grayson,Grayson McCall,McCall,26.051998901367188,5,10600,ODU@CCU,CCU,ODU,,,,,,QB/Super FLEX
81856-103698,QB,Dillon,Dillon Gabriel,Gabriel,23.439999389648438,5,10400,KU@OU,OU,KU,Q,Concussion,,,,QB/Super FLEX
81856-136855,RB,Bijan,Bijan Robinson,Robinson,25.8000005086263,6,10400,ISU@TEX,TEX,ISU,,,,,,RB/Super FLEX
81856-110286,WR,Ali,Ali Jennings III,Jennings III,23.76000061035156,5,10000,ODU@CCU,ODU,CCU,,,,,,WR/Super FLEX
81856-92133,QB,Jason,Jason Bean,Bean,9.4350004196167,4,9900,KU@OU,KU,OU,,,,,,QB/Super FLEX
81856-151966,QB,Jaxson,Jaxson Dart,Dart,18.227999877929687,5,9500,AUB@MISS,MISS,AUB,,,,,,QB/Super FLEX
81856-160938,QB,Quinn,Quinn Ewers,Ewers,16.240000406901043,3,9400,ISU@TEX,TEX,ISU,,,,,,QB/Super FLEX
81856-169410,RB,Quinshon,Quinshon Judkins,Judkins,20.160000610351563,5,9300,AUB@MISS,MISS,AUB,,,,,,RB/Super FLEX
81856-129565,QB,Tyler,Tyler Van Dyke,Van Dyke,14.8149995803833,4,9100,MIA@VT,MIA,VT,,,,,,QB/Super FLEX
81856-128562,RB,CJ,CJ Beasley,Beasley,19.5,5,9000,ODU@CCU,CCU,ODU,,,,,,RB/Super FLEX
81856-137967,RB,Blake,Blake Corum,Corum,23.916666666666668,6,9000,PSU@MICH,MICH,PSU,,,,,,RB/Super FLEX
81856-109318,RB,Reese,Reese White,White,19.799999237060547,2,9000,ODU@CCU,CCU,ODU,D,Undisclosed,,,,RB/Super FLEX
81856-119788,WR,Xavier,Xavier Hutchinson,Hutchinson,16.81999969482422,5,9000,ISU@TEX,ISU,TEX,,,,,,WR/Super FLEX
81856-89493,RB,Chase,Chase Brown,Brown,21.780000305175783,5,8800,MINN@ILL,ILL,MINN,,,,,,RB/Super FLEX
81856-86200,QB,Sean,Sean Clifford,Clifford,21.780000305175783,5,8600,PSU@MICH,PSU,MICH,,,,,,QB/Super FLEX
81856-131328,RB,Zach,Zach Evans,Evans,15.219999694824219,5,8400,AUB@MISS,MISS,AUB,,,,,,RB/Super FLEX
81856-93341,WR,Sam,Sam Pinckney,Pinckney,12.65999984741211,5,8200,ODU@CCU,CCU,ODU,,,,,,WR/Super FLEX
81856-142044,QB,Robby,Robby Ashford,Ashford,13.332000732421875,5,8200,AUB@MISS,AUB,MISS,,,,,,QB/Super FLEX
81856-158974,WR,Xavier,Xavier Worthy,Worthy,13.120000203450521,6,8100,ISU@TEX,TEX,ISU,,,,,,WR/Super FLEX
81856-102928,RB,Eric,Eric Gray,Gray,14.016666412353516,6,8000,KU@OU,OU,KU,,,,,,RB/Super FLEX
81856-154171,WR,Jared,Jared Brown,Brown,16.08000030517578,5,8000,ODU@CCU,CCU,ODU,,,,,,WR/Super FLEX
81856-89912,RB,Blake,Blake Watson,Watson,12.375,4,7800,ODU@CCU,ODU,CCU,,,,,,RB/Super FLEX
81856-155405,RB,Malachi,Malachi Thomas,Thomas,18.299999237060547,1,7700,MIA@VT,VT,MIA,,,,,,RB/Super FLEX
81856-134655,QB,Hunter,Hunter Dekkers,Dekkers,15.027999877929688,5,7600,ISU@TEX,ISU,TEX,,,,,,QB/Super FLEX
81856-85860,QB,Tanner,Tanner Morgan,Morgan,17.735000610351562,4,7600,MINN@ILL,MINN,ILL,,,,,,QB/Super FLEX
81856-86004,WR,Kaleb,Kaleb Smith,Smith,11.61999969482422,5,7600,MIA@VT,VT,MIA,,,,,,WR/Super FLEX
81856-112192,WR,Jonathan,Jonathan Mingo,Mingo,14.819999694824219,5,7500,AUB@MISS,MISS,AUB,,,,,,WR/Super FLEX
81856-152575,QB,J.J.,J.J. McCarthy,McCarthy,16.013333638509113,6,7300,PSU@MICH,MICH,PSU,,,,,,QB/Super FLEX
81856-137506,RB,Henry,Henry Parrish Jr.,Parrish Jr.,13.899999618530273,4,7200,MIA@VT,MIA,VT,,,,,,RB/Super FLEX
81856-103964,QB,Hayden,Hayden Wolff,Wolff,16.108000183105467,5,7200,ODU@CCU,ODU,CCU,,,,,,QB/Super FLEX
81856-120093,WR,Marvin,Marvin Mims,Mims,11.90000025431315,6,7100,KU@OU,OU,KU,,,,,,WR/Super FLEX
81856-166898,RB,Nicholas,Nicholas Singleton,Singleton,14.980000305175782,5,7100,PSU@MICH,PSU,MICH,,,,,,RB/Super FLEX
81856-144154,WR,Daniel,Daniel Jackson,Jackson,11.766666412353516,3,7000,MINN@ILL,MINN,ILL,,,,,,WR/Super FLEX
81856-128912,WR,Mitchell,Mitchell Tinsley,Tinsley,10,5,7000,PSU@MICH,PSU,MICH,,,,,,WR/Super FLEX
81856-104558,QB,Grant,Grant Wells,Wells,14.08800048828125,5,6800,MIA@VT,VT,MIA,,,,,,QB/Super FLEX
81856-91401,WR,Ronnie,Ronnie Bell,Bell,11.383333841959635,6,6800,PSU@MICH,MICH,PSU,,,,,,WR/Super FLEX
81856-154971,RB,Devin,Devin Neal,Neal,12.550000508626303,6,6700,KU@OU,KU,OU,,,,,,RB/Super FLEX
81856-135824,WR,Luke,Luke Grimm,Grimm,9.433333079020182,6,6700,KU@OU,KU,OU,,,,,,WR/Super FLEX
81856-138786,WR,Malik,Malik Heath,Heath,10.280000305175781,5,6600,AUB@MISS,MISS,AUB,,,,,,WR/Super FLEX
81856-166896,RB,Kaytron,Kaytron Allen,Allen,10.319999694824219,5,6600,PSU@MICH,PSU,MICH,,,,,,RB/Super FLEX
81856-103437,RB,Trey,Trey Potts,Potts,8.074999809265137,4,6500,MINN@ILL,MINN,ILL,,,,,,RB/Super FLEX
81856-129566,WR,Key'Shawn,Key'Shawn Smith,Smith,10.975000381469727,4,6500,MIA@VT,MIA,VT,,,,,,WR/Super FLEX
81856-135812,WR,Quentin,Quentin Skinner,Skinner,8.216666539510092,6,6500,KU@OU,KU,OU,,,,,,WR/Super FLEX
81856-119648,QB,T.J.,T.J. Finley,Finley,9.329999923706055,2,6500,AUB@MISS,AUB,MISS,Q,Shoulder,,,,QB/Super FLEX
81856-134014,WR,Jordan,Jordan Watkins,Watkins,7.4,5,6500,AUB@MISS,MISS,AUB,,,,,,WR/Super FLEX
81856-160635,TE,Jacob,Jacob Jenkins,Jenkins,11.699999809265137,1,6400,ODU@CCU,CCU,ODU,,,,,,WR/Super FLEX
81856-94116,TE,Will,Will Mallory,Mallory,10.366666793823242,3,6400,MIA@VT,MIA,VT,,,,,,WR/Super FLEX
81856-111543,RB,Marcus,Marcus Major,Major,11.104000091552734,5,6400,KU@OU,OU,KU,P,Ankle,,,,RB/Super FLEX
81856-110628,RB,Jirehl,Jirehl Brock,Brock,10.34000015258789,5,6300,ISU@TEX,ISU,TEX,,,,,,RB/Super FLEX
81856-137516,WR,Parker,Parker Washington,Washington,7.780000305175781,5,6300,PSU@MICH,PSU,MICH,,,,,,WR/Super FLEX
81856-138037,WR,Roman,Roman Wilson,Wilson,10.9,5,6300,PSU@MICH,MICH,PSU,Q,Undisclosed,,,,WR/Super FLEX
81856-111006,WR,Ja'Varrius,Ja'Varrius Johnson,Johnson,8.425000190734863,4,6200,AUB@MISS,AUB,MISS,,,,,,WR/Super FLEX
81856-102825,WR,Frank,Frank Ladson Jr.,Ladson Jr.,10.100000381469727,2,6200,MIA@VT,MIA,VT,,,,,,WR/Super FLEX
81856-103195,WR,Jordan,Jordan Whittington,Whittington,8.066666920979818,6,6200,ISU@TEX,TEX,ISU,,,,,,WR/Super FLEX
81856-103442,WR,Michael,Michael Brown-Stephens,Brown-Stephens,7.933333079020183,3,6100,MINN@ILL,MINN,ILL,,,,,,WR/Super FLEX
81856-158983,TE,Ja'Tavion,Ja'Tavion Sanders,Sanders,11.800000508626303,6,6100,ISU@TEX,TEX,ISU,,,,,,WR/Super FLEX
81856-111974,RB,Keshawn,Keshawn King,King,11.61999969482422,5,6100,MIA@VT,VT,MIA,,,,,,RB/Super FLEX
81856-128693,RB,Tank,Tank Bigsby,Bigsby,9.65999984741211,5,6100,AUB@MISS,AUB,MISS,,,,,,RB/Super FLEX
81856-114557,WR,Cornelius,Cornelius Johnson,Johnson,8.44000015258789,5,6100,PSU@MICH,MICH,PSU,,,,,,WR/Super FLEX
81856-112041,WR,Isaiah,Isaiah Williams,Williams,7,5,6000,MINN@ILL,ILL,MINN,P,Concussion,,,,WR/Super FLEX
81856-92632,QB,Artur,Artur Sitkowski,Sitkowski,2.190000057220459,2,6000,MINN@ILL,ILL,MINN,,,,,,QB/Super FLEX
81856-129560,WR,Xavier,Xavier Restrepo,Restrepo,10.199999809265137,1,6000,MIA@VT,MIA,VT,O,Foot,,,,WR/Super FLEX
81856-94748,QB,Tommy,Tommy DeVito,DeVito,14.808000183105468,5,6000,MINN@ILL,ILL,MINN,Q,Lower leg,,,,QB/Super FLEX
81856-86612,TE,Brayden,Brayden Willis,Willis,9.876666386922201,6,6000,KU@OU,OU,KU,,,,,,WR/Super FLEX
81856-103083,WR,Theo,Theo Wease,Wease,9.25,4,6000,KU@OU,OU,KU,,,,,,WR/Super FLEX
81856-85905,RB,Bryce,Bryce Williams,Williams,8.574999809265137,4,6000,MINN@ILL,MINN,ILL,,,,,,RB/Super FLEX
81856-156596,RB,Jarquez,Jarquez Hunter,Hunter,10.5,5,6000,AUB@MISS,AUB,MISS,,,,,,RB/Super FLEX
81856-120053,WR,Lawrence,Lawrence Arnold,Arnold,7.6,5,5900,KU@OU,KU,OU,,,,,,WR/Super FLEX
81856-112095,WR,Javon,Javon Harvey,Harvey,6.449999809265137,2,5900,ODU@CCU,ODU,CCU,,,,,,WR/Super FLEX
81856-103587,TE,Brenton,Brenton Strange,Strange,10.919999694824218,5,5800,PSU@MICH,PSU,MICH,,,,,,WR/Super FLEX
81856-168170,QB,Nick,Nick Evers,Evers,0,1,5800,KU@OU,OU,KU,,,,,,QB/Super FLEX
81856-103296,QB,Davis,Davis Beville,Beville,-0.10499999672174454,4,5800,KU@OU,OU,KU,,,,,,QB/Super FLEX
81856-152574,RB,Donovan,Donovan Edwards,Edwards,10.425000190734863,4,5800,PSU@MICH,MICH,PSU,,,,,,RB/Super FLEX
81856-155775,WR,Brashard,Brashard Smith,Smith,5.875,4,5700,MIA@VT,MIA,VT,,,,,,WR/Super FLEX
81856-152007,WR,Jaylin,Jaylin Noel,Noel,7.180000305175781,5,5700,ISU@TEX,ISU,TEX,,,,,,WR/Super FLEX
81856-112328,TE,Mason,Mason Fairchild,Fairchild,7.875,4,5700,KU@OU,KU,OU,,,,,,WR/Super FLEX
81856-152304,WR,Da'Wain,Da'Wain Lofton,Lofton,5.300000190734863,4,5700,MIA@VT,VT,MIA,,,,,,WR/Super FLEX
81856-119747,RB,Ky,Ky Thomas,Thomas,1.5750000476837158,4,5700,KU@OU,KU,OU,P,Lower body,,,,RB/Super FLEX
81856-86238,TE,Zack,Zack Kuntz,Kuntz,8.100000381469727,4,5600,ODU@CCU,ODU,CCU,,,,,,WR/Super FLEX
81856-156967,WR,Jalil,Jalil Farooq,Farooq,6.819999694824219,5,5600,KU@OU,OU,KU,,,,,,WR/Super FLEX
81856-128805,WR,KeAndre,KeAndre Lambert-Smith,Lambert-Smith,5.474999904632568,4,5600,PSU@MICH,PSU,MICH,P,Leg,,,,WR/Super FLEX
81856-119660,WR,Koy,Koy Moore,Moore,4.279999923706055,5,5600,AUB@MISS,AUB,MISS,,,,,,WR/Super FLEX
81856-155772,RB,Thad,Thad Franklin Jr.,Franklin Jr.,7.849999904632568,4,5500,MIA@VT,MIA,VT,,,,,,RB/Super FLEX
81856-129254,QB,Hudson,Hudson Card,Card,12.903999328613281,5,5500,ISU@TEX,TEX,ISU,,,,,,QB/Super FLEX
81856-91417,TE,Luke,Luke Schoonmaker,Schoonmaker,7.733333587646484,6,5500,PSU@MICH,MICH,PSU,,,,,,WR/Super FLEX
81856-137522,RB,Keyvone,Keyvone Lee,Lee,4.150000095367432,4,5500,PSU@MICH,PSU,MICH,,,,,,RB/Super FLEX
81856-174596,QB,General,General Booty,Booty,,,5500,KU@OU,OU,KU,,,,,,QB/Super FLEX
81856-129563,WR,Michael,Michael Redding III,Redding III,5.300000190734863,4,5500,MIA@VT,MIA,VT,,,,,,WR/Super FLEX
81856-86630,WR,Jaylon,Jaylon Robinson,Robinson,1.2000000476837158,2,5500,AUB@MISS,MISS,AUB,P,Undisclosed,,,,WR/Super FLEX
81856-87890,WR,Dimitri,Dimitri Stanley,Stanley,7.175000190734863,4,5500,ISU@TEX,ISU,TEX,,,,,,WR/Super FLEX
81856-94089,WR,Brian,Brian Hightower,Hightower,7.5,5,5500,MINN@ILL,ILL,MINN,,,,,,WR/Super FLEX
81856-136611,WR,Tyson,Tyson Mobley,Mobley,5.040000152587891,5,5400,ODU@CCU,CCU,ODU,,,,,,WR/Super FLEX
81856-114106,WR,Dylan,Dylan Wright,Wright,6.066666920979817,3,5400,MINN@ILL,MINN,ILL,,,,,,WR/Super FLEX
81856-152009,RB,Deon,Deon Silas,Silas,5.400000095367432,4,5400,ISU@TEX,ISU,TEX,,,,,,RB/Super FLEX
81856-154184,TE,Xavier,Xavier Gravette,Gravette,5.866666793823242,3,5400,ODU@CCU,CCU,ODU,,,,,,WR/Super FLEX
81856-109309,QB,Jarrett,Jarrett Guest,Guest,4.789999961853027,2,5400,ODU@CCU,CCU,ODU,,,,,,QB/Super FLEX
81856-103187,RB,Roschon,Roschon Johnson,Johnson,8.766666412353516,6,5400,ISU@TEX,TEX,ISU,,,,,,RB/Super FLEX
81856-85842,TE,Brevyn,Brevyn Spann-Ford,Spann-Ford,5.275000095367432,4,5400,MINN@ILL,MINN,ILL,,,,,,WR/Super FLEX
81856-155551,WR,Pat,Pat Bryant,Bryant,7.324999809265137,4,5400,MINN@ILL,ILL,MINN,,,,,,WR/Super FLEX
81856-153779,WR,Jordan,Jordan Bly,Bly,3.3400001525878906,5,5300,ODU@CCU,ODU,CCU,,,,,,WR/Super FLEX
81856-168172,RB,Jovantae,Jovantae Barnes,Barnes,8.15999984741211,5,5300,KU@OU,OU,KU,,,,,,RB/Super FLEX
81856-151938,QB,Luke,Luke Altmyer,Altmyer,0.949999988079071,2,5300,AUB@MISS,MISS,AUB,,,,,,QB/Super FLEX
81856-87668,WR,Shedrick,Shedrick Jackson,Jackson,3.866666793823242,3,5300,AUB@MISS,AUB,MISS,,,,,,WR/Super FLEX
81856-167552,TE,Dae'Quan,Dae'Quan Wright,Wright,6.150000095367432,2,5300,MIA@VT,VT,MIA,,,,,,WR/Super FLEX
81856-87711,TE,John Samuel,John Samuel Shenker,Shenker,4.520000076293945,5,5300,AUB@MISS,AUB,MISS,,,,,,WR/Super FLEX
81856-152259,QB,Jake,Jake Garcia,Garcia,2.930000066757202,2,5300,MIA@VT,MIA,VT,,,,,,QB/Super FLEX
81856-152593,WR,Harrison,Harrison Wallace III,Wallace III,4.033333460489909,3,5200,PSU@MICH,PSU,MICH,,,,,,WR/Super FLEX
81856-129429,RB,Sevion,Sevion Morrison,Morrison,3.566666603088379,6,5200,KU@OU,KU,OU,,,,,,RB/Super FLEX
81856-129568,RB,Jaylan,Jaylan Knighton,Knighton,3.674999952316284,4,5200,MIA@VT,MIA,VT,,,,,,RB/Super FLEX
81856-154191,RB,Max,Max Balthazar,Balthazar,3.875,4,5200,ODU@CCU,CCU,ODU,,,,,,RB/Super FLEX
81856-85618,WR,Sean,Sean Shaw Jr.,Shaw Jr.,4.949999809265137,4,5200,ISU@TEX,ISU,TEX,,,,,,WR/Super FLEX
81856-86671,WR,Drake,Drake Stoops,Stoops,4.659999847412109,5,5200,KU@OU,OU,KU,,,,,,WR/Super FLEX
81856-166892,QB,Drew,Drew Allar,Allar,3.755000114440918,4,5200,PSU@MICH,PSU,MICH,,,,,,QB/Super FLEX
81856-154964,WR,Tanaka,Tanaka Scott,Scott,2.2600000381469725,5,5100,KU@OU,KU,OU,,,,,,WR/Super FLEX
81856-112218,RB,Keshawn,Keshawn Wicks,Wicks,4,5,5100,ODU@CCU,ODU,CCU,,,,,,RB/Super FLEX
81856-137966,WR,A.J.,A.J. Henning,Henning,3.1799999237060548,5,5100,PSU@MICH,MICH,PSU,,,,,,WR/Super FLEX
81856-110380,RB,Keilan,Keilan Robinson,Robinson,6.166666666666667,6,5100,ISU@TEX,TEX,ISU,,,,,,RB/Super FLEX
81856-152578,WR,Andrel,Andrel Anthony,Anthony,2.5,4,5000,PSU@MICH,MICH,PSU,,,,,,WR/Super FLEX
81856-141426,WR,Malcolm,Malcolm Johnson Jr.,Johnson Jr.,3.799999952316284,1,5000,AUB@MISS,AUB,MISS,P,Undisclosed,,,,WR/Super FLEX
81856-71803,WR,Clay,Clay Geary,Geary,4.75,2,5000,MINN@ILL,MINN,ILL,,,,,,WR/Super FLEX
81856-87267,QB,Bryce,Bryce Carpenter,Carpenter,0.550000011920929,2,5000,ODU@CCU,CCU,ODU,,,,,,QB/Super FLEX
81856-94504,QB,D.J.,D.J. Mack Jr.,Mack Jr.,0.20000000298023224,1,5000,ODU@CCU,ODU,CCU,,,,,,QB/Super FLEX
81856-92468,WR,Jadan,Jadan Blue,Blue,1.3666666348775227,3,5000,MIA@VT,VT,MIA,,,,,,WR/Super FLEX
81856-137578,WR,Isiah,Isiah Paige,Paige,3.2999998728434243,3,5000,ODU@CCU,ODU,CCU,,,,,,WR/Super FLEX
81856-135807,RB,Daniel,Daniel Hishaw Jr.,Hishaw Jr.,14.180000305175781,5,5000,KU@OU,KU,OU,O,Undisclosed,,,,RB/Super FLEX
81856-167579,QB,Holden,Holden Geriner,Geriner,-1.3799999952316284,1,5000,AUB@MISS,AUB,MISS,,,,,,QB/Super FLEX
81856-103068,RB,Torry,Torry Locklin,Locklin,4.333333333333333,3,5000,KU@OU,KU,OU,,,,,,RB/Super FLEX
81856-111325,RB,Ulysses,Ulysses Bentley IV,Bentley IV,10.600000381469727,2,5000,AUB@MISS,MISS,AUB,O,Wrist,,,,RB/Super FLEX
81856-103382,QB,Cade,Cade McNamara,McNamara,2.3999999364217124,3,5000,PSU@MICH,MICH,PSU,O,Undisclosed,,,,QB/Super FLEX
81856-85995,RB,Jalen,Jalen Holston,Holston,3.1799999237060548,5,5000,MIA@VT,VT,MIA,,,,,,RB/Super FLEX
81856-178158,WR,Colbie,Colbie Young,Young,11.800000190734863,1,5000,MIA@VT,MIA,VT,,,,,,WR/Super FLEX
81856-103439,QB,Cole,Cole Kramer,Kramer,0.7549999952316284,4,4900,MINN@ILL,MINN,ILL,,,,,,QB/Super FLEX
81856-131297,TE,DeShawn,DeShawn Hanika,Hanika,6.900000095367432,2,4900,ISU@TEX,ISU,TEX,,,,,,WR/Super FLEX
81856-111994,TE,Nick,Nick Gallo,Gallo,3.9000000953674316,4,4900,MIA@VT,VT,MIA,,,,,,WR/Super FLEX
81856-112037,WR,Casey,Casey Washington,Washington,2.4749999046325684,4,4900,MINN@ILL,ILL,MINN,,,,,,WR/Super FLEX
81856-137864,WR,Ze'Vian,Ze'Vian Capers,Capers,2.0999999046325684,1,4900,AUB@MISS,AUB,MISS,,,,,,WR/Super FLEX
81856-158979,WR,Casey,Casey Cain,Cain,2.825000047683716,4,4800,ISU@TEX,TEX,ISU,,,,,,WR/Super FLEX
81856-134651,WR,Daniel,Daniel Jackson,Jackson,2.299999952316284,2,4800,ISU@TEX,ISU,TEX,,,,,,WR/Super FLEX
81856-103063,TE,Easton,Easton Dean,Dean,5.349999904632568,2,4800,ISU@TEX,ISU,TEX,,,,,,WR/Super FLEX
81856-174856,WR,Hank,Hank Beatty,Beatty,1.433333396911621,3,4800,MINN@ILL,ILL,MINN,,,,,,WR/Super FLEX
81856-89902,QB,Isaiah,Isaiah Spencer,Spencer,0.949999988079071,2,4800,ODU@CCU,ODU,CCU,,,,,,QB/Super FLEX
81856-152681,WR,Le'Meke,Le'Meke Brockington,Brockington,1.5,3,4700,MINN@ILL,MINN,ILL,,,,,,WR/Super FLEX
81856-167101,TE,Jaleel,Jaleel Skinner,Skinner,2.7666667302449546,3,4700,MIA@VT,MIA,VT,,,,,,WR/Super FLEX
81856-174393,WR,Gavin,Gavin Freeman,Freeman,3.7999998728434243,3,4700,KU@OU,OU,KU,,,,,,WR/Super FLEX
81856-177617,RB,CJ,CJ Stokes,Stokes,4.300000190734863,4,4700,PSU@MICH,MICH,PSU,,,,,,RB/Super FLEX
81856-134659,WR,Aidan,Aidan Bitter,Bitter,2.299999952316284,2,4700,ISU@TEX,ISU,TEX,,,,,,WR/Super FLEX
81856-156209,WR,JJ,JJ Henry,Henry,1.6749999523162842,4,4700,AUB@MISS,MISS,AUB,,,,,,WR/Super FLEX
81856-137987,RB,Reggie,Reggie Love III,Love III,3.7599998474121095,5,4700,MINN@ILL,ILL,MINN,,,,,,RB/Super FLEX
81856-154506,RB,Eli,Eli Sanders,Sanders,2.125,4,4700,ISU@TEX,ISU,TEX,,,,,,RB/Super FLEX
81856-139446,WR,Tyler,Tyler Roberts,Roberts,4.866666793823242,3,4600,ODU@CCU,CCU,ODU,,,,,,WR/Super FLEX
81856-112174,TE,Casey,Casey Kelly,Kelly,0.800000011920929,1,4600,AUB@MISS,MISS,AUB,,,,,,WR/Super FLEX
81856-86593,QB,Alan,Alan Bowman,Bowman,3.200000047683716,2,4600,PSU@MICH,MICH,PSU,,,,,,QB/Super FLEX
81856-152148,TE,Gunnar,Gunnar Helm,Helm,1.5,3,4600,ISU@TEX,TEX,ISU,,,,,,WR/Super FLEX
81856-155419,RB,Chance,Chance Black,Black,1.7799999237060546,5,4600,MIA@VT,VT,MIA,,,,,,RB/Super FLEX
81856-128810,TE,Theo,Theo Johnson,Johnson,1.4500000476837158,2,4600,PSU@MICH,PSU,MICH,,,,,,WR/Super FLEX
81856-72534,WR,Jonah,Jonah Morris,Morris,2.700000047683716,2,4600,MINN@ILL,ILL,MINN,,,,,,WR/Super FLEX
81856-166895,WR,Kaden,Kaden Saunders,Saunders,3.0999999046325684,1,4600,PSU@MICH,PSU,MICH,,,,,,WR/Super FLEX
81856-110650,WR,Darren,Darren Wilson Jr.,Wilson Jr.,2.4799999237060546,5,4500,ISU@TEX,ISU,TEX,,,,,,WR/Super FLEX
81856-155780,WR,Romello,Romello Brinson,Brinson,1.0333333015441895,3,4500,MIA@VT,MIA,VT,,,,,,WR/Super FLEX
81856-157858,TE,Michael,Michael Trigg,Trigg,3.7599998474121095,5,4500,AUB@MISS,MISS,AUB,O,Collarbone,,,,WR/Super FLEX
81856-151739,QB,Jason,Jason Brown,Brown,0.5,1,4500,MIA@VT,VT,MIA,,,,,,QB/Super FLEX
81856-158968,RB,Jonathon,Jonathon Brooks,Brooks,9.550000190734863,2,4500,ISU@TEX,TEX,ISU,,,,,,RB/Super FLEX
81856-137495,RB,Kentrel,Kentrel Bullock,Bullock,2.125,4,4500,AUB@MISS,MISS,AUB,,,,,,RB/Super FLEX
81856-129302,WR,Stephen,Stephen Gosnell,Gosnell,2.7750000953674316,4,4500,MIA@VT,VT,MIA,Q,Undisclosed,,,,WR/Super FLEX
81856-87334,TE,Patrick,Patrick McSweeney,McSweeney,0.8999999761581421,1,4500,ODU@CCU,CCU,ODU,,,,,,WR/Super FLEX
81856-133529,RB,Obie,Obie Sanni,Sanni,1.9666666984558105,3,4500,ODU@CCU,ODU,CCU,,,,,,RB/Super FLEX
81856-129555,RB,Donald,Donald Chaney Jr.,Chaney Jr.,5.650000095367432,2,4500,MIA@VT,MIA,VT,O,Knee,,,,RB/Super FLEX
81856-128550,RB,Nate,Nate Hope II,Hope II,5.150000095367432,2,4500,ODU@CCU,CCU,ODU,O,Undisclosed,,,,RB/Super FLEX
81856-128572,TE,Logan,Logan Mauldin,Mauldin,1.399999976158142,1,4500,ODU@CCU,CCU,ODU,,,,,,WR/Super FLEX
81856-154188,WR,Chris,Chris Rhone,Rhone,5.449999809265137,2,4500,ODU@CCU,CCU,ODU,,,,,,WR/Super FLEX
81856-85619,WR,Tarique,Tarique Milton,Milton,3.299999952316284,1,4500,ISU@TEX,TEX,ISU,,,,,,WR/Super FLEX
81856-135803,RB,Jared,Jared Casey,Casey,4.375,4,4500,KU@OU,KU,OU,,,,,,RB/Super FLEX
81856-135806,TE,Trevor,Trevor Kardell,Kardell,5,3,4500,KU@OU,KU,OU,,,,,,WR/Super FLEX
81856-94851,TE,Connor,Connor Blumrick,Blumrick,4.349999904632568,2,4500,MIA@VT,VT,MIA,,,,,,WR/Super FLEX
81856-166590,QB,Alex,Alex Orji,Orji,5.299999872843425,3,4500,PSU@MICH,MICH,PSU,,,,,,QB/Super FLEX
81856-152258,TE,Elijah,Elijah Arroyo,Arroyo,2.5,3,4500,MIA@VT,MIA,VT,O,Undisclosed,,,,WR/Super FLEX
81856-103146,QB,Zach,Zach Calzada,Calzada,12.600000554865057,11,4500,AUB@MISS,AUB,MISS,O,Shoulder,,,,QB/Super FLEX
81856-137990,TE,Tip,Tip Reiman,Reiman,4.233333269755046,3,4500,MINN@ILL,ILL,MINN,,,,,,WR/Super FLEX
81856-170769,WR,Camden,Camden Brown,Brown,5.050000190734863,2,4500,AUB@MISS,AUB,MISS,,,,,,WR/Super FLEX
81856-89888,WR,Aaron,Aaron Moore,Moore,1.399999976158142,1,4500,ODU@CCU,ODU,CCU,,,,,,WR/Super FLEX
81856-158511,TE,Max,Max Bredeson,Bredeson,3.133333206176758,3,4500,PSU@MICH,MICH,PSU,,,,,,WR/Super FLEX
81856-138029,RB,Isaiah,Isaiah Gash,Gash,3.424999952316284,4,4500,PSU@MICH,MICH,PSU,,,,,,RB/Super FLEX
81856-154469,RB,Matt,Matt Jones,Jones,6.300000190734863,1,4500,AUB@MISS,MISS,AUB,,,,,,RB/Super FLEX
81856-119716,WR,LV,LV Bunkley-Shelton,Bunkley-Shelton,0.5,4,4500,KU@OU,OU,KU,,,,,,WR/Super FLEX
81856-174029,WR,Ahmarian,Ahmarian Granger,Granger,1.0333333015441895,3,4500,ODU@CCU,ODU,CCU,,,,,,WR/Super FLEX
81856-155631,WR,Liam,Liam Clifford,Clifford,2.299999952316284,2,4500,PSU@MICH,PSU,MICH,,,,,,WR/Super FLEX
81856-103506,TE,Nick,Nick Kallerup,Kallerup,4.599999904632568,2,4400,MINN@ILL,MINN,ILL,,,,,,WR/Super FLEX
81856-137525,WR,Malick,Malick Meiga,Meiga,2.200000047683716,1,4400,PSU@MICH,PSU,MICH,,,,,,WR/Super FLEX
81856-152008,TE,Tyler,Tyler Moore,Moore,3.799999952316284,1,4400,ISU@TEX,ISU,TEX,,,,,,WR/Super FLEX
81856-174594,RB,Tawee,Tawee Walker,Walker,1.774999976158142,4,4400,KU@OU,OU,KU,,,,,,RB/Super FLEX
81856-140861,QB,Mason,Mason Stahl,Stahl,2.200000047683716,1,4400,PSU@MICH,PSU,MICH,,,,,,QB/Super FLEX
81856-92740,TE,Michael,Michael Marchese,Marchese,5.100000063578288,3,4400,MINN@ILL,ILL,MINN,,,,,,WR/Super FLEX
81856-86598,WR,Kevin,Kevin Terry,Terry,2.4000000953674316,2,4400,KU@OU,KU,OU,,,,,,WR/Super FLEX
81856-94909,TE,Daniel,Daniel Parker Jr.,Parker Jr.,1.6000000635782878,3,4400,KU@OU,OU,KU,,,,,,WR/Super FLEX
81856-155406,WR,Christian,Christian Moss,Moss,2.5999999046325684,1,4400,MIA@VT,VT,MIA,,,,,,WR/Super FLEX
81856-170783,WR,Omari,Omari Kelly,Kelly,2.3499999046325684,2,4400,AUB@MISS,AUB,MISS,,,,,,WR/Super FLEX
81856-174027,WR,Peter,Peter Kikwata,Kikwata,2.799999952316284,1,4400,ODU@CCU,ODU,CCU,,,,,,WR/Super FLEX
81856-152589,QB,Christian,Christian Veilleux,Veilleux,0.5400000214576721,2,4300,PSU@MICH,PSU,MICH,,,,,,QB/Super FLEX
81856-152673,QB,Athan,Athan Kaliakmanis,Kaliakmanis,0.5,2,4300,MINN@ILL,MINN,ILL,,,,,,QB/Super FLEX
81856-110721,WR,Dayton,Dayton Wade,Wade,0.5800000190734863,5,4300,AUB@MISS,MISS,AUB,,,,,,WR/Super FLEX
81856-137530,TE,Tyler,Tyler Warren,Warren,2.950000047683716,2,4300,PSU@MICH,PSU,MICH,,,,,,WR/Super FLEX
81856-109041,RB,Derik,Derik LeCaptain,LeCaptain,4.550000190734863,2,4300,MINN@ILL,MINN,ILL,,,,,,RB/Super FLEX
81856-103000,TE,Tyler,Tyler Fromm,Fromm,1.6666666666666667,3,4300,AUB@MISS,AUB,MISS,,,,,,WR/Super FLEX
81856-135802,WR,Steven,Steven McBride,McBride,1.2333333492279053,3,4300,KU@OU,KU,OU,,,,,,WR/Super FLEX
81856-89891,TE,Donta,Donta Anthony Jr.,Anthony Jr.,0.8500000238418579,2,4300,ODU@CCU,ODU,CCU,,,,,,WR/Super FLEX
81856-128803,WR,Jaden,Jaden Dottin,Dottin,2.4000000953674316,1,4300,PSU@MICH,PSU,MICH,O,Undisclosed,,,,WR/Super FLEX
81856-158519,QB,Davis,Davis Warren,Warren,1.9500000476837158,2,4300,PSU@MICH,MICH,PSU,,,,,,QB/Super FLEX
81856-152390,WR,Jaylen,Jaylen Jones,Jones,2.700000047683716,1,4300,MIA@VT,VT,MIA,,,,,,WR/Super FLEX
81856-114570,RB,Leon,Leon Franklin,Franklin,4.550000190734863,2,4300,PSU@MICH,MICH,PSU,,,,,,RB/Super FLEX
81856-103378,TE,Erick,Erick All,All,1.6999999682108562,3,4300,PSU@MICH,MICH,PSU,O,Undisclosed,,,,WR/Super FLEX
81856-103383,WR,Mike,Mike Sainristil,Sainristil,3.861538520226112,13,4300,PSU@MICH,MICH,PSU,,,,,,WR/Super FLEX
81856-86005,TE,Drake,Drake De Iuliis,De Iuliis,1.4500000476837158,2,4300,MIA@VT,VT,MIA,,,,,,WR/Super FLEX
81856-152677,RB,Jordan,Jordan Nubin,Nubin,1.149999976158142,2,4200,MINN@ILL,MINN,ILL,,,,,,RB/Super FLEX
81856-95363,WR,Zach,Zach Peterson,Peterson,5.349999904632568,2,4200,PSU@MICH,MICH,PSU,,,,,,WR/Super FLEX
81856-155781,WR,Jacolby,Jacolby George,George,5.599999904632568,1,4200,MIA@VT,MIA,VT,D,Thumb,,,,WR/Super FLEX
81856-153778,RB,Jon-Luke,Jon-Luke Peaker,Peaker,3.0999999046325684,4,4200,ODU@CCU,ODU,CCU,,,,,,RB/Super FLEX
81856-151731,WR,Agiye,Agiye Hall,Hall,1.2000000476837158,1,4200,ISU@TEX,TEX,ISU,,,,,,WR/Super FLEX
81856-133317,WR,J.J.,J.J. Hester,Hester,1.7999999523162842,1,4200,KU@OU,OU,KU,,,,,,WR/Super FLEX
81856-129242,WR,Marquez,Marquez Bell,Bell,1,1,4200,ODU@CCU,ODU,CCU,,,,,,WR/Super FLEX
81856-168180,TE,Kaden,Kaden Helms,Helms,0.8999999761581421,1,4200,KU@OU,OU,KU,,,,,,WR/Super FLEX
81856-137499,RB,Bobo,Bobo Miller,Miller,1.100000023841858,1,4200,AUB@MISS,MISS,AUB,,,,,,RB/Super FLEX
81856-136612,RB,Braydon,Braydon Bennett,Bennett,10.133333206176758,12,4200,ODU@CCU,CCU,ODU,O,Undisclosed,,,,RB/Super FLEX
81856-91568,TE,Luke,Luke Ford,Ford,1.4500000476837158,2,4200,MINN@ILL,ILL,MINN,,,,,,WR/Super FLEX
81856-88587,WR,Miles,Miles Battle,Battle,1.850000023841858,2,4200,AUB@MISS,MISS,AUB,,,,,,WR/Super FLEX
81856-158238,WR,Miles,Miles Scott,Scott,0.5,2,4200,MINN@ILL,ILL,MINN,,,,,,WR/Super FLEX
81856-128558,QB,Zachary,Zachary Stevens,Stevens,4.199999809265137,1,4200,ODU@CCU,CCU,ODU,,,,,,QB/Super FLEX
81856-85632,RB,Jared,Jared Rus,Rus,2.5,2,4200,ISU@TEX,ISU,TEX,,,,,,RB/Super FLEX
81856-166584,WR,Darrius,Darrius Clemons,Clemons,1.2000000476837158,1,4200,PSU@MICH,MICH,PSU,,,,,,WR/Super FLEX
81856-166588,TE,Colston,Colston Loveland,Loveland,1.7666667302449544,3,4200,PSU@MICH,MICH,PSU,,,,,,WR/Super FLEX
81856-176851,QB,Brandon,Brandon Mann,Mann,0.2800000011920929,1,4200,PSU@MICH,MICH,PSU,,,,,,QB/Super FLEX
81856-109302,WR,Deon,Deon Fountain,Fountain,3.5999999046325684,1,4200,ODU@CCU,CCU,ODU,,,,,,WR/Super FLEX
81856-109311,WR,Aaron,Aaron Bedgood,Bedgood,-0.10000000149011612,1,4200,ODU@CCU,CCU,ODU,O,Undisclosed,,,,WR/Super FLEX
81856-89866,RB,Lucious,Lucious Stanley,Stanley,2.7833334604899087,12,4200,MIA@VT,MIA,VT,,,,,,RB/Super FLEX
81856-170777,RB,Damari,Damari Alston,Alston,1.3666666348775227,3,4200,AUB@MISS,AUB,MISS,,,,,,RB/Super FLEX
81856-110376,TE,Jahleel,Jahleel Billingsley,Billingsley,5.600000169542101,9,4200,ISU@TEX,TEX,ISU,,,,,,WR/Super FLEX
81856-138048,WR,Will,Will Rolapp,Rolapp,3.0999999046325684,1,4200,PSU@MICH,MICH,PSU,,,,,,WR/Super FLEX
81856-154500,QB,Ashton,Ashton Cook,Cook,1.2799999713897705,1,4200,ISU@TEX,ISU,TEX,,,,,,QB/Super FLEX
81856-166801,RB,Jaydon,Jaydon Blue,Blue,0.8500000238418579,2,4200,ISU@TEX,TEX,ISU,,,,,,RB/Super FLEX
81856-114590,RB,Danny,Danny Hughes,Hughes,1.75,2,4200,PSU@MICH,MICH,PSU,,,,,,RB/Super FLEX
81856-155549,RB,Josh,Josh McCray,McCray,4.800000190734863,1,4200,MINN@ILL,ILL,MINN,Q,Knee,,,,RB/Super FLEX
81856-156602,WR,Tar'Varish,Tar'Varish Dawson Jr.,Dawson Jr.,3.0999999046325684,1,4200,AUB@MISS,AUB,MISS,,,,,,WR/Super FLEX
81856-166894,WR,Omari,Omari Evans,Evans,10,1,4200,PSU@MICH,PSU,MICH,,,,,,WR/Super FLEX
81856-155629,TE,Khalil,Khalil Dinkins,Dinkins,9.300000190734863,1,4200,PSU@MICH,PSU,MICH,,,,,,WR/Super FLEX
81856-152571,RB,Tavierre,Tavierre Dunlap,Dunlap,0.9000000158945719,3,4200,PSU@MICH,MICH,PSU,,,,,,RB/Super FLEX
81856-152669,TE,Jameson,Jameson Geers,Geers,2.200000047683716,1,4100,MINN@ILL,MINN,ILL,,,,,,WR/Super FLEX
81856-103576,WR,Marquis,Marquis Wilson,Wilson,0,1,4100,PSU@MICH,PSU,MICH,,,,,,WR/Super FLEX
81856-167097,QB,Jacurri,Jacurri Brown,Brown,,,4100,MIA@VT,MIA,VT,,,,,,QB/Super FLEX
81856-166087,WR,Greg,Greg Gaines III,Gaines III,0.699999988079071,1,4100,ISU@TEX,ISU,TEX,,,,,,WR/Super FLEX
81856-166088,RB,Cartevious,Cartevious Norton,Norton,0.10000000149011612,1,4100,ISU@TEX,ISU,TEX,,,,,,RB/Super FLEX
81856-174294,WR,Savion,Savion Red,Red,1,1,4100,ISU@TEX,TEX,ISU,,,,,,WR/Super FLEX
81856-129257,WR,Troy,Troy Omeire,Omeire,1.399999976158142,1,4100,ISU@TEX,TEX,ISU,,,,,,WR/Super FLEX
81856-174313,WR,Gabe,Gabe Sulser,Sulser,2,1,4100,ISU@TEX,TEX,ISU,,,,,,WR/Super FLEX
81856-168173,WR,Jayden,Jayden Gibson,Gibson,1.7000000476837158,1,4100,KU@OU,OU,KU,,,,,,WR/Super FLEX
81856-91381,RB,Michael,Michael Barrett,Barrett,0.10000000397364299,3,4100,PSU@MICH,MICH,PSU,,,,,,RB/Super FLEX
81856-91414,WR,Carter,Carter Selzer,Selzer,0.550000011920929,2,4100,PSU@MICH,MICH,PSU,,,,,,WR/Super FLEX
81856-174392,RB,Gavin,Gavin Sawchuk,Sawchuk,0.5,1,4100,KU@OU,OU,KU,,,,,,RB/Super FLEX
81856-102730,QB,Kinkead,Kinkead Dent,Dent,0.07999999821186066,1,4100,AUB@MISS,MISS,AUB,,,,,,QB/Super FLEX
81856-137559,WR,Trevon,Trevon West,West,0,1,4100,KU@OU,OU,KU,,,,,,WR/Super FLEX
81856-137562,TE,Jackson,Jackson Sumlin,Sumlin,1.100000023841858,1,4100,KU@OU,OU,KU,,,,,,WR/Super FLEX
81856-158157,RB,Sean,Sean Jackson,Jackson,-2,1,4100,AUB@MISS,AUB,MISS,,,,,,RB/Super FLEX
81856-112093,WR,Braxton,Braxton Collins,Collins,,,4100,ODU@CCU,ODU,CCU,,,,,,WR/Super FLEX
81856-88572,RB,Isaiah,Isaiah Woullard,Woullard,0.10000000149011612,1,4100,AUB@MISS,MISS,AUB,,,,,,RB/Super FLEX
81856-129557,RB,Isaiah,Isaiah Cashwell,Cashwell,1.5,1,4100,MIA@VT,MIA,VT,,,,,,RB/Super FLEX
81856-154177,QB,Ty,Ty Lyles,Lyles,-2.4000000953674316,1,4100,ODU@CCU,CCU,ODU,,,,,,QB/Super FLEX
81856-152151,TE,Juan,Juan Davis,Davis,0.4000000059604645,2,4100,ISU@TEX,TEX,ISU,,,,,,WR/Super FLEX
81856-102998,TE,Luke,Luke Deal,Deal,0.6000000238418579,1,4100,AUB@MISS,AUB,MISS,,,,,,WR/Super FLEX
81856-167555,RB,Bryce,Bryce Duke,Duke,0.800000011920929,2,4100,MIA@VT,VT,MIA,,,,,,RB/Super FLEX
81856-137862,TE,Brandon,Brandon Frazier,Frazier,1.2000000476837158,1,4100,AUB@MISS,AUB,MISS,,,,,,WR/Super FLEX
81856-135821,WR,Malik,Malik Johnson,Johnson,1.399999976158142,1,4100,KU@OU,KU,OU,,,,,,WR/Super FLEX
81856-166586,WR,Tyler,Tyler Morris,Morris,1.399999976158142,1,4100,PSU@MICH,MICH,PSU,,,,,,WR/Super FLEX
81856-166589,WR,Amorion,Amorion Walker,Walker,0.8999999761581421,1,4100,PSU@MICH,MICH,PSU,,,,,,WR/Super FLEX
81856-171724,WR,De'Andre,De'Andre Coleman,Coleman,-1.5,1,4100,ODU@CCU,CCU,ODU,,,,,,WR/Super FLEX
81856-172802,RB,Max,Max Grand,Grand,1,1,4100,MINN@ILL,MINN,ILL,,,,,,RB/Super FLEX
81856-155408,WR,Keli,Keli Lawson,Lawson,1.100000023841858,1,4100,MIA@VT,VT,MIA,,,,,,WR/Super FLEX
81856-154406,WR,Qua,Qua Davis,Davis,0.699999988079071,1,4100,AUB@MISS,MISS,AUB,,,,,,WR/Super FLEX
81856-128808,RB,Tank,Tank Smith,Smith,2.0999999046325684,1,4100,PSU@MICH,PSU,MICH,,,,,,RB/Super FLEX
81856-89898,RB,Matt,Matt Geiger,Geiger,0.6000000238418579,1,4100,ODU@CCU,ODU,CCU,,,,,,RB/Super FLEX
81856-144173,WR,Douglas,Douglas Emilien,Emilien,1.600000023841858,1,4100,KU@OU,KU,OU,,,,,,WR/Super FLEX
81856-138039,TE,Matthew,Matthew Hibner,Hibner,1.25,2,4100,PSU@MICH,MICH,PSU,,,,,,WR/Super FLEX
81856-158517,WR,Peyton,Peyton O'Leary,O'Leary,0.8999999761581421,1,4100,PSU@MICH,MICH,PSU,,,,,,WR/Super FLEX
81856-166791,RB,Henry,Henry Donohue,Donohue,0.6000000238418579,1,4100,PSU@MICH,MICH,PSU,,,,,,RB/Super FLEX
81856-85911,RB,Preston,Preston Jelen,Jelen,0.699999988079071,1,4100,MINN@ILL,MINN,ILL,,,,,,RB/Super FLEX
81856-114584,QB,Andy,Andy Maddox,Maddox,0.1599999964237213,1,4100,PSU@MICH,MICH,PSU,,,,,,QB/Super FLEX
81856-114586,WR,Hunter,Hunter Neff,Neff,1.2999999523162842,1,4100,PSU@MICH,MICH,PSU,,,,,,WR/Super FLEX
81856-156597,RB,Jordon,Jordon Ingram,Ingram,0.800000011920929,1,4100,AUB@MISS,AUB,MISS,,,,,,RB/Super FLEX
81856-90041,RB,Chase,Chase Hayden,Hayden,1.933333396911621,3,4100,MINN@ILL,ILL,MINN,,,,,,RB/Super FLEX
81856-111552,WR,Damon,Damon Smith,Smith,0.5,1,4100,KU@OU,OU,KU,,,,,,WR/Super FLEX
81856-156641,RB,Tariq,Tariq Sims,Sims,2,3,4100,ODU@CCU,ODU,CCU,,,,,,RB/Super FLEX
81856-152572,WR,Cristian,Cristian Dixon,Dixon,1.2000000476837158,1,4100,PSU@MICH,MICH,PSU,,,,,,WR/Super FLEX
81856-167946,TE,Troy,Troy Dela Vega,Dela Vega,,,4000,ODU@CCU,CCU,ODU,,,,,,WR/Super FLEX
81856-97293,QB,Barton,Barton Lester,Lester,3,2,4000,AUB@MISS,AUB,MISS,,,,,,QB/Super FLEX
81856-176146,QB,Ethan,Ethan Vasko,Vasko,,,4000,KU@OU,KU,OU,,,,,,QB/Super FLEX
81856-176150,WR,Cole,Cole Rhoden,Rhoden,,,4000,KU@OU,KU,OU,,,,,,WR/Super FLEX
81856-111636,WR,Craig,Craig Young,Young,,,4000,KU@OU,KU,OU,,,,,,WR/Super FLEX
81856-110617,WR,Isaiah,Isaiah Neyor,Neyor,15.19999972256747,11,4000,ISU@TEX,TEX,ISU,O,Knee,,,,WR/Super FLEX
81856-176154,WR,Quinton,Quinton Conley,Conley,,,4000,KU@OU,KU,OU,,,,,,WR/Super FLEX
81856-176155,QB,Kai,Kai Kunz,Kunz,,,4000,KU@OU,KU,OU,,,,,,QB/Super FLEX
81856-138285,WR,Dallan,Dallan Wright,Wright,,,4000,MIA@VT,VT,MIA,O,Undisclosed,,,,WR/Super FLEX
81856-179250,WR,Griffin,Griffin Koch,Koch,,,4000,KU@OU,KU,OU,,,,,,WR/Super FLEX
81856-159795,WR,Nasir,Nasir Kemper,Kemper,,,4000,KU@OU,OU,KU,,,,,,WR/Super FLEX
81856-179251,RB,Tylan,Tylan Alejos,Alejos,,,4000,KU@OU,KU,OU,,,,,,RB/Super FLEX
81856-138289,TE,Wilfried,Wilfried Pene,Pene,,,4000,MIA@VT,VT,MIA,,,,,,WR/Super FLEX
81856-110645,WR,Darien,Darien Porter,Porter,0,1,4000,ISU@TEX,ISU,TEX,,,,,,WR/Super FLEX
81856-159797,TE,Dimitri,Dimitri Georgiadis,Georgiadis,,,4000,MIA@VT,VT,MIA,,,,,,WR/Super FLEX
81856-139324,RB,Justin,Justin Jones,Jones,,,4000,AUB@MISS,AUB,MISS,,,,,,RB/Super FLEX
81856-170048,TE,Frank,Frank Bierman,Bierman,,,4000,MINN@ILL,MINN,ILL,,,,,,WR/Super FLEX
81856-170057,RB,Devon,Devon Perry,Perry,,,4000,MIA@VT,MIA,VT,,,,,,RB/Super FLEX
81856-170071,WR,Austin,Austin Morphis,Morphis,,,4000,AUB@MISS,MISS,AUB,,,,,,WR/Super FLEX
81856-170072,TE,Salathiel,Salathiel Hemphill,Hemphill,,,4000,AUB@MISS,MISS,AUB,,,,,,WR/Super FLEX
81856-170073,TE,Matt,Matt Ware,Ware,,,4000,AUB@MISS,MISS,AUB,,,,,,WR/Super FLEX
81856-171105,WR,Jason,Jason Essex,Essex,,,4000,ISU@TEX,ISU,TEX,,,,,,WR/Super FLEX
81856-111720,TE,Ty,Ty Eller,Eller,,,4000,MIA@VT,VT,MIA,,,,,,WR/Super FLEX
81856-152685,WR,Dino,Dino Kaliakmanis,Kaliakmanis,,,4000,MINN@ILL,MINN,ILL,,,,,,WR/Super FLEX
81856-115825,QB,Brendon,Brendon Clark,Clark,,,4000,ODU@CCU,ODU,CCU,,,,,,QB/Super FLEX
81856-139381,TE,Cody,Cody Duncan,Duncan,,,4000,MIA@VT,VT,MIA,,,,,,WR/Super FLEX
81856-155782,TE,Kahlil,Kahlil Brantley,Brantley,,,4000,MIA@VT,MIA,VT,,,,,,WR/Super FLEX
81856-178311,WR,Latrell,Latrell Sutton,Sutton,,,4000,MIA@VT,VT,MIA,,,,,,WR/Super FLEX
81856-176268,WR,Jake,Jake Spencer,Spencer,,,4000,PSU@MICH,PSU,MICH,,,,,,WR/Super FLEX
81856-173206,TE,DJ,DJ Ruff,Ruff,,,4000,AUB@MISS,MISS,AUB,,,,,,WR/Super FLEX
81856-129174,WR,Noah,Noah Robinson,Robinson,,,4000,ODU@CCU,ODU,CCU,,,,,,WR/Super FLEX
81856-179349,RB,Terrell,Terrell Walden II,Walden II,,,4000,MIA@VT,MIA,VT,,,,,,RB/Super FLEX
81856-173210,WR,Mac,Mac Owen,Owen,,,4000,AUB@MISS,MISS,AUB,,,,,,WR/Super FLEX
81856-173211,TE,Trace,Trace Campbell,Campbell,,,4000,AUB@MISS,MISS,AUB,,,,,,WR/Super FLEX
81856-173209,TE,Kyirin,Kyirin Heath,Heath,,,4000,AUB@MISS,MISS,AUB,,,,,,WR/Super FLEX
81856-168094,TE,Spencer,Spencer Alvarez,Alvarez,,,4000,MINN@ILL,MINN,ILL,,,,,,WR/Super FLEX
81856-168092,WR,Ike,Ike White,White,,,4000,MINN@ILL,MINN,ILL,,,,,,WR/Super FLEX
81856-173218,QB,Braden,Braden Waterman,Waterman,,,4000,AUB@MISS,MISS,AUB,,,,,,QB/Super FLEX
81856-168099,RB,Zach,Zach Evans,Evans,,,4000,MINN@ILL,MINN,ILL,Q,Leg,,,,RB/Super FLEX
81856-173223,WR,Jaron,Jaron Willis,Willis,,,4000,AUB@MISS,MISS,AUB,,,,,,WR/Super FLEX
81856-173224,TE,Landon,Landon Thomason,Thomason,,,4000,AUB@MISS,MISS,AUB,,,,,,WR/Super FLEX
81856-164009,WR,Jan,Jan Mahlert,Mahlert,,,4000,PSU@MICH,PSU,MICH,,,,,,WR/Super FLEX
81856-173228,QB,Davin,Davin Wydner,Wydner,,,4000,AUB@MISS,MISS,AUB,,,,,,QB/Super FLEX
81856-112820,WR,Jahre,Jahre Fish,Fish,,,4000,PSU@MICH,MICH,PSU,,,,,,WR/Super FLEX
81856-140472,WR,Eddie,Eddie Ozycz,Ozycz,,,4000,MIA@VT,VT,MIA,,,,,,WR/Super FLEX
81856-167102,QB,Aaron,Aaron Howard,Howard,,,4000,MIA@VT,MIA,VT,,,,,,QB/Super FLEX
81856-167104,WR,Josh,Josh Murillo,Murillo,,,4000,MIA@VT,MIA,VT,,,,,,WR/Super FLEX
81856-166091,QB,Rocco,Rocco Becht,Becht,0.20000000298023224,1,4000,ISU@TEX,ISU,TEX,,,,,,QB/Super FLEX
81856-87249,WR,Conner,Conner McCarthy,McCarthy,,,4000,ODU@CCU,CCU,ODU,,,,,,WR/Super FLEX
81856-174293,TE,Myles,Myles Hill,Hill,,,4000,ISU@TEX,TEX,ISU,,,,,,WR/Super FLEX
81856-151770,TE,Landen,Landen King,King,2.9000000953674316,1,4000,AUB@MISS,AUB,MISS,O,Not injury related,,,,WR/Super FLEX
81856-174297,RB,Colin,Colin Page,Page,,,4000,ISU@TEX,TEX,ISU,,,,,,RB/Super FLEX
81856-174303,WR,Quinn,Quinn Merritt,Merritt,,,4000,ISU@TEX,TEX,ISU,,,,,,WR/Super FLEX
81856-167133,WR,Jason,Jason Estrella,Estrella,,,4000,PSU@MICH,PSU,MICH,,,,,,WR/Super FLEX
81856-167138,TE,Evan,Evan Clark,Clark,,,4000,PSU@MICH,PSU,MICH,,,,,,WR/Super FLEX
81856-167139,TE,Benjamin,Benjamin Knapp,Knapp,,,4000,PSU@MICH,PSU,MICH,,,,,,WR/Super FLEX
81856-174304,WR,Remy,Remy Patson,Patson,,,4000,ISU@TEX,TEX,ISU,,,,,,WR/Super FLEX
81856-174311,RB,Ky,Ky Woods,Woods,,,4000,ISU@TEX,TEX,ISU,,,,,,RB/Super FLEX
81856-174309,WR,Reece,Reece Beauchamp,Beauchamp,,,4000,ISU@TEX,TEX,ISU,,,,,,WR/Super FLEX
81856-174314,QB,Joe,Joe Tatum,Tatum,,,4000,ISU@TEX,TEX,ISU,,,,,,QB/Super FLEX
81856-168175,TE,Jason,Jason Llewellyn,Llewellyn,,,4000,KU@OU,OU,KU,,,,,,WR/Super FLEX
81856-168176,WR,Nic,Nic Anderson,Anderson,,,4000,KU@OU,OU,KU,,,,,,WR/Super FLEX
81856-120055,QB,Jordan,Jordan Medley,Medley,,,4000,KU@OU,KU,OU,,,,,,QB/Super FLEX
81856-120054,TE,Will,Will Huggins,Huggins,,,4000,KU@OU,KU,OU,Q,Undisclosed,,,,WR/Super FLEX
81856-158969,QB,Cole,Cole Lourd,Lourd,,,4000,ISU@TEX,TEX,ISU,,,,,,QB/Super FLEX
81856-174329,WR,Brenen,Brenen Thompson,Thompson,,,4000,ISU@TEX,TEX,ISU,,,,,,WR/Super FLEX
81856-112906,QB,Peyton,Peyton Matocha,Matocha,,,4000,MIA@VT,MIA,VT,,,,,,QB/Super FLEX
81856-173321,TE,Nathan,Nathan Jones,Jones,,,4000,MINN@ILL,MINN,ILL,Q,Undisclosed,,,,WR/Super FLEX
81856-171287,WR,Carson,Carson Brown,Brown,,,4000,ISU@TEX,ISU,TEX,,,,,,WR/Super FLEX
81856-137493,WR,Marc,Marc Britt II,Britt II,,,4000,AUB@MISS,MISS,AUB,,,,,,WR/Super FLEX
81856-171290,TE,Jack,Jack Bjorn,Bjorn,,,4000,ISU@TEX,ISU,TEX,,,,,,WR/Super FLEX
81856-137496,RB,Urriah,Urriah Shephard,Shephard,,,4000,AUB@MISS,MISS,AUB,,,,,,RB/Super FLEX
81856-171288,WR,Quaron,Quaron Adams,Adams,,,4000,ISU@TEX,ISU,TEX,,,,,,WR/Super FLEX
81856-120090,RB,Jaden,Jaden Knowles,Knowles,,,4000,KU@OU,OU,KU,,,,,,RB/Super FLEX
81856-171289,RB,Caden,Caden Kock,Kock,,,4000,ISU@TEX,ISU,TEX,,,,,,RB/Super FLEX
81856-171295,TE,Andrew,Andrew Keller,Keller,,,4000,ISU@TEX,ISU,TEX,,,,,,WR/Super FLEX
81856-91425,WR,Ryan,Ryan Hayes,Hayes,,,4000,PSU@MICH,MICH,PSU,,,,,,WR/Super FLEX
81856-166179,TE,Tevita,Tevita Noa,Noa,,,4000,KU@OU,KU,OU,,,,,,WR/Super FLEX
81856-156960,WR,Adrian,Adrian Scott,Scott,,,4000,KU@OU,OU,KU,,,,,,WR/Super FLEX
81856-171300,TE,Gabe,Gabe Burkle,Burkle,,,4000,ISU@TEX,ISU,TEX,,,,,,WR/Super FLEX
81856-137509,WR,Lex,Lex Boucvalt,Boucvalt,,,4000,AUB@MISS,MISS,AUB,,,,,,WR/Super FLEX
81856-171301,WR,Tyler,Tyler Claiborne,Claiborne,,,4000,ISU@TEX,ISU,TEX,,,,,,WR/Super FLEX
81856-174379,WR,Dallas,Dallas Dudley,Dudley,,,4000,KU@OU,OU,KU,,,,,,WR/Super FLEX
81856-156968,QB,Ralph,Ralph Rucker,Rucker,,,4000,KU@OU,OU,KU,,,,,,QB/Super FLEX
81856-174381,WR,Davion,Davion Woolen,Woolen,,,4000,KU@OU,OU,KU,,,,,,WR/Super FLEX
81856-137528,QB,Micah,Micah Bowens,Bowens,,,4000,KU@OU,OU,KU,,,,,,QB/Super FLEX
81856-173372,WR,Jeremiah,Jeremiah Dillon,Dillon,,,4000,AUB@MISS,MISS,AUB,,,,,,WR/Super FLEX
81856-173373,WR,Larry,Larry Simmons,Simmons,,,4000,AUB@MISS,MISS,AUB,,,,,,WR/Super FLEX
81856-166211,QB,Nate,Nate Glantz,Glantz,,,4000,ISU@TEX,ISU,TEX,,,,,,QB/Super FLEX
81856-166208,RB,Trey,Trey Mathis,Mathis,,,4000,ISU@TEX,ISU,TEX,,,,,,RB/Super FLEX
81856-167236,WR,Marqeese,Marqeese Dietz,Dietz,,,4000,ODU@CCU,ODU,CCU,,,,,,WR/Super FLEX
81856-166213,TE,Kevin,Kevin Sawitzke,Sawitzke,,,4000,ISU@TEX,ISU,TEX,,,,,,WR/Super FLEX
81856-137551,WR,Brian,Brian Darby,Darby,7.866666793823242,3,4000,KU@OU,OU,KU,,,,,,WR/Super FLEX
81856-167245,TE,Avery,Avery Ford,Ford,,,4000,ODU@CCU,ODU,CCU,,,,,,WR/Super FLEX
81856-94549,RB,Bentavious,Bentavious Thompson,Thompson,,,4000,KU@OU,OU,KU,,,,,,RB/Super FLEX
81856-154967,TE,Mason,Mason Brotherton,Brotherton,,,4000,KU@OU,KU,OU,,,,,,WR/Super FLEX
81856-154965,RB,DeAndre,DeAndre Thomas Jr.,Thomas Jr.,,,4000,KU@OU,KU,OU,,,,,,RB/Super FLEX
81856-154973,WR,Kelan,Kelan Robinson,Robinson,,,4000,KU@OU,KU,OU,,,,,,WR/Super FLEX
81856-154976,WR,Majik,Majik Rector,Rector,,,4000,KU@OU,KU,OU,,,,,,WR/Super FLEX
81856-154977,TE,Mack,Mack Moeller,Moeller,,,4000,KU@OU,KU,OU,,,,,,WR/Super FLEX
81856-140646,WR,Major,Major Melson,Melson,,,4000,KU@OU,OU,KU,,,,,,WR/Super FLEX
81856-111976,WR,William,William Kakavitsas,Kakavitsas,0,2,4000,MIA@VT,VT,MIA,,,,,,WR/Super FLEX
81856-111981,WR,Conner,Conner Dusenbury,Dusenbury,,,4000,MIA@VT,VT,MIA,,,,,,WR/Super FLEX
81856-151926,WR,Brandon,Brandon Buckhaulter,Buckhaulter,,,4000,AUB@MISS,MISS,AUB,,,,,,WR/Super FLEX
81856-151927,TE,Hudson,Hudson Wolfe,Wolfe,,,4000,AUB@MISS,MISS,AUB,,,,,,WR/Super FLEX
81856-135550,RB,Jack,Jack Codwell,Codwell,,,4000,KU@OU,KU,OU,,,,,,RB/Super FLEX
81856-111999,WR,Jaden,Jaden Payoute,Payoute,,,4000,MIA@VT,VT,MIA,,,,,,WR/Super FLEX
81856-111998,RB,Matt,Matt Johnson,Johnson,,,4000,MIA@VT,VT,MIA,,,,,,RB/Super FLEX
81856-129414,RB,Matthew,Matthew Bobak,Bobak,,,4000,MINN@ILL,ILL,MINN,,,,,,RB/Super FLEX
81856-168350,QB,Jack,Jack Jackson,Jackson,,,4000,KU@OU,KU,OU,,,,,,QB/Super FLEX
81856-175516,TE,Max,Max Dowling,Dowling,,,4000,KU@OU,KU,OU,,,,,,WR/Super FLEX
81856-133533,QB,Dominique,Dominique Anthony,Anthony,,,4000,ODU@CCU,ODU,CCU,,,,,,QB/Super FLEX
81856-95650,WR,Tink,Tink Boyd,Boyd,,,4000,MIA@VT,VT,MIA,,,,,,WR/Super FLEX
81856-112036,TE,Griffin,Griffin Moore,Moore,,,4000,MINN@ILL,ILL,MINN,,,,,,WR/Super FLEX
81856-151983,QB,Ben,Ben Easters,Easters,,,4000,KU@OU,KU,OU,,,,,,QB/Super FLEX
81856-151980,WR,Jaden,Jaden Alexis,Alexis,,,4000,ISU@TEX,TEX,ISU,D,Knee,,,,WR/Super FLEX
81856-112046,TE,Bryce,Bryce Barnes,Barnes,,,4000,MINN@ILL,ILL,MINN,,,,,,WR/Super FLEX
81856-112049,RB,Nick,Nick Fedanzo,Fedanzo,,,4000,MINN@ILL,ILL,MINN,,,,,,RB/Super FLEX
81856-144826,TE,Wyatt,Wyatt Schroeder,Schroeder,,,4000,MINN@ILL,MINN,ILL,,,,,,WR/Super FLEX
81856-144831,RB,Kendall,Kendall Moore,Moore,,,4000,MINN@ILL,MINN,ILL,,,,,,RB/Super FLEX
81856-144839,WR,Jonathan,Jonathan Mann,Mann,,,4000,MINN@ILL,MINN,ILL,,,,,,WR/Super FLEX
81856-152010,WR,Tristan,Tristan Michaud,Michaud,,,4000,ISU@TEX,ISU,TEX,,,,,,WR/Super FLEX
81856-177614,TE,Marlin,Marlin Klein,Klein,,,4000,PSU@MICH,MICH,PSU,,,,,,WR/Super FLEX
81856-177618,QB,Declan,Declan Byle,Byle,,,4000,PSU@MICH,MICH,PSU,,,,,,QB/Super FLEX
81856-170448,WR,Luke,Luke Creeger,Creeger,,,4000,KU@OU,OU,KU,,,,,,WR/Super FLEX
81856-116181,WR,Mykel,Mykel Tubbs,Tubbs,,,4000,MIA@VT,MIA,VT,,,,,,WR/Super FLEX
81856-177623,WR,Logan,Logan Forbes,Forbes,,,4000,PSU@MICH,MICH,PSU,,,,,,WR/Super FLEX
81856-117206,QB,Trey,Trey Lindsey,Lindsey,,,4000,AUB@MISS,AUB,MISS,,,,,,QB/Super FLEX
81856-118230,RB,Gayflor,Gayflor Flomo,Flomo,,,4000,KU@OU,KU,OU,,,,,,RB/Super FLEX
81856-177624,RB,Nico,Nico Andrighetto,Andrighetto,,,4000,PSU@MICH,MICH,PSU,,,,,,RB/Super FLEX
81856-180707,WR,Sam,Sam Hughes,Hughes,,,4000,MIA@VT,VT,MIA,,,,,,WR/Super FLEX
81856-134635,RB,Tyler,Tyler Moen,Moen,,,4000,ISU@TEX,ISU,TEX,,,,,,RB/Super FLEX
81856-95726,QB,Grayson,Grayson Kline,Kline,,,4000,PSU@MICH,PSU,MICH,,,,,,QB/Super FLEX
81856-134646,WR,Micheal,Micheal Tweten,Tweten,,,4000,ISU@TEX,ISU,TEX,,,,,,WR/Super FLEX
81856-161269,QB,Jack,Jack Shields,Shields,,,4000,ODU@CCU,ODU,CCU,,,,,,QB/Super FLEX
81856-90618,WR,Maureese,Maureese Wren,Wren,,,4000,KU@OU,OU,KU,,,,,,WR/Super FLEX
81856-134649,RB,Blaze,Blaze Doxzon,Doxzon,,,4000,ISU@TEX,ISU,TEX,,,,,,RB/Super FLEX
81856-134665,WR,T.J.,T.J. Tampa,Tampa,,,4000,ISU@TEX,ISU,TEX,,,,,,WR/Super FLEX
81856-157200,WR,Jacobi,Jacobi Moore,Moore,,,4000,AUB@MISS,MISS,AUB,,,,,,WR/Super FLEX
81856-129556,TE,Dominic,Dominic Mammarelli,Mammarelli,,,4000,MIA@VT,MIA,VT,,,,,,WR/Super FLEX
81856-129559,WR,Dazalin,Dazalin Worsham,Worsham,,,4000,AUB@MISS,AUB,MISS,,,,,,WR/Super FLEX
81856-155157,QB,Alex,Alex Grado,Grado,,,4000,AUB@MISS,MISS,AUB,,,,,,QB/Super FLEX
81856-158239,QB,Ryan,Ryan Johnson,Johnson,,,4000,MINN@ILL,ILL,MINN,,,,,,QB/Super FLEX
81856-129571,WR,Dante,Dante Johnson,Johnson,,,4000,MIA@VT,MIA,VT,,,,,,WR/Super FLEX
81856-128546,WR,Taj,Taj Thomas,Thomas,,,4000,ODU@CCU,CCU,ODU,,,,,,WR/Super FLEX
81856-177702,WR,Tanner,Tanner Branson,Branson,,,4000,ODU@CCU,CCU,ODU,,,,,,WR/Super FLEX
81856-112175,WR,Dannis,Dannis Jackson,Jackson,7.066666920979817,6,4000,AUB@MISS,MISS,AUB,,,,,,WR/Super FLEX
81856-152118,WR,Ben,Ben Nikkel,Nikkel,,,4000,ISU@TEX,ISU,TEX,,,,,,WR/Super FLEX
81856-112187,QB,Sellers,Sellers Shy,Shy,,,4000,AUB@MISS,MISS,AUB,,,,,,QB/Super FLEX
81856-154169,WR,Jameson,Jameson Tucker,Tucker,,,4000,ODU@CCU,CCU,ODU,,,,,,WR/Super FLEX
81856-128573,RB,Randall,Randall Brown,Brown,,,4000,ODU@CCU,CCU,ODU,,,,,,RB/Super FLEX
81856-169555,QB,Jack,Jack Woche,Woche,,,4000,AUB@MISS,MISS,AUB,,,,,,QB/Super FLEX
81856-152144,QB,Charles,Charles Wright,Wright,,,4000,ISU@TEX,TEX,ISU,,,,,,QB/Super FLEX
81856-154193,WR,Malachi,Malachi Taylor,Taylor,,,4000,ODU@CCU,CCU,ODU,,,,,,WR/Super FLEX
81856-92757,TE,Alex,Alex Pihlstrom,Pihlstrom,,,4000,MINN@ILL,ILL,MINN,,,,,,WR/Super FLEX
81856-169558,WR,Hayden,Hayden Farrar,Farrar,,,4000,AUB@MISS,MISS,AUB,,,,,,WR/Super FLEX
81856-178775,WR,Ben,Ben Clawson,Clawson,,,4000,MINN@ILL,ILL,MINN,,,,,,WR/Super FLEX
81856-169556,WR,Drew,Drew Burnett,Burnett,,,4000,AUB@MISS,MISS,AUB,,,,,,WR/Super FLEX
81856-179808,TE,Cole,Cole Reemsnyder,Reemsnyder,,,4000,MIA@VT,VT,MIA,,,,,,WR/Super FLEX
81856-179812,WR,Ayden,Ayden Burkey,Burkey,,,4000,MIA@VT,VT,MIA,,,,,,WR/Super FLEX
81856-85608,QB,Blake,Blake Clark,Clark,2,1,4000,ISU@TEX,ISU,TEX,,,,,,QB/Super FLEX
81856-154223,WR,Kyre,Kyre Duplessis,Duplessis,,,4000,ODU@CCU,CCU,ODU,,,,,,WR/Super FLEX
81856-167536,TE,Harrison,Harrison Saint Germain,Saint Germain,,,4000,MIA@VT,VT,MIA,,,,,,WR/Super FLEX
81856-167537,WR,Areeb,Areeb Rashid,Rashid,,,4000,MIA@VT,VT,MIA,,,,,,WR/Super FLEX
81856-167544,WR,Xayvion,Xayvion Turner-Bradshaw,Turner-Bradshaw,,,4000,MIA@VT,VT,MIA,,,,,,WR/Super FLEX
81856-55931,RB,John,John Porchivina,Porchivina,,,4000,AUB@MISS,MISS,AUB,,,,,,RB/Super FLEX
81856-167548,WR,Tucker,Tucker Holloway,Holloway,,,4000,MIA@VT,VT,MIA,,,,,,WR/Super FLEX
81856-167554,QB,Devin,Devin Farrell,Farrell,,,4000,MIA@VT,VT,MIA,,,,,,QB/Super FLEX
81856-135811,QB,Jalon,Jalon Daniels,Daniels,24.563334147135418,6,4000,KU@OU,KU,OU,O,Shoulder,,,,QB/Super FLEX
81856-137859,QB,Sawyer,Sawyer Pate,Pate,,,4000,AUB@MISS,AUB,MISS,,,,,,QB/Super FLEX
81856-170627,RB,Tyler,Tyler Holzworth,Holzworth,0,1,4000,PSU@MICH,PSU,MICH,,,,,,RB/Super FLEX
81856-170624,WR,Tyler,Tyler Johnson,Johnson,,,4000,PSU@MICH,PSU,MICH,,,,,,WR/Super FLEX
81856-137865,WR,J.J.,J.J. Evans,Evans,,,4000,AUB@MISS,AUB,MISS,,,,,,WR/Super FLEX
81856-85654,WR,Beau,Beau Coberley,Coberley,,,4000,ISU@TEX,ISU,TEX,,,,,,WR/Super FLEX
81856-136858,WR,Paxton,Paxton Anderson,Anderson,,,4000,ISU@TEX,TEX,ISU,,,,,,WR/Super FLEX
81856-114328,QB,Jordan,Jordan Preston,Preston,,,4000,KU@OU,KU,OU,,,,,,QB/Super FLEX
81856-137880,WR,Jackson,Jackson Billings,Billings,,,4000,AUB@MISS,AUB,MISS,,,,,,WR/Super FLEX
81856-104095,WR,Trevor,Trevor Wilson,Wilson,4.781818043101918,11,4000,KU@OU,KU,OU,,,,,,WR/Super FLEX
81856-136866,WR,Dajon,Dajon Harrison,Harrison,,,4000,ISU@TEX,TEX,ISU,,,,,,WR/Super FLEX
81856-85664,WR,Tayvonn,Tayvonn Kyle,Kyle,,,4000,ISU@TEX,ISU,TEX,,,,,,WR/Super FLEX
81856-167584,WR,Jay,Jay Fair,Fair,,,4000,AUB@MISS,AUB,MISS,,,,,,WR/Super FLEX
81856-158383,QB,Tahj,Tahj Bullock,Bullock,,,4000,MIA@VT,VT,MIA,,,,,,QB/Super FLEX
81856-169644,TE,Benji,Benji Gosnell,Gosnell,,,4000,MIA@VT,VT,MIA,O,Knee,,,,WR/Super FLEX
81856-158386,TE,Cole,Cole Pickett,Pickett,,,4000,MIA@VT,VT,MIA,,,,,,WR/Super FLEX
81856-158384,WR,Miles,Miles Ellis,Ellis,,,4000,MIA@VT,VT,MIA,,,,,,WR/Super FLEX
81856-94898,WR,Khmari,Khmari Thompson,Thompson,,,4000,MINN@ILL,ILL,MINN,,,,,,WR/Super FLEX
81856-158385,WR,P.J.,P.J. Prioleau,Prioleau,0,1,4000,MIA@VT,VT,MIA,,,,,,WR/Super FLEX
81856-112308,QB,Ben,Ben Ballard,Ballard,,,4000,ISU@TEX,TEX,ISU,,,,,,QB/Super FLEX
81856-158388,QB,Ben,Ben Locklear,Locklear,,,4000,MIA@VT,VT,MIA,,,,,,QB/Super FLEX
81856-112313,TE,Nathan,Nathan Hatter,Hatter,,,4000,ISU@TEX,TEX,ISU,,,,,,WR/Super FLEX
81856-114363,WR,Tommy,Tommy Nesmith,Nesmith,,,4000,AUB@MISS,AUB,MISS,,,,,,WR/Super FLEX
81856-158393,WR,Logan,Logan Richardson,Richardson,,,4000,MIA@VT,VT,MIA,,,,,,WR/Super FLEX
81856-166591,QB,Jayden,Jayden Denegal,Denegal,,,4000,PSU@MICH,MICH,PSU,,,,,,QB/Super FLEX
81856-112321,TE,Brayden,Brayden Liebrock,Liebrock,,,4000,ISU@TEX,TEX,ISU,D,Shoulder,,,,WR/Super FLEX
81856-94915,WR,Jalen,Jalen Knox,Knox,,,4000,AUB@MISS,MISS,AUB,,,,,,WR/Super FLEX
81856-116419,TE,Jacob,Jacob Hillmann,Hillmann,,,4000,ISU@TEX,ISU,TEX,,,,,,WR/Super FLEX
81856-112322,WR,Parker,Parker Alford,Alford,,,4000,ISU@TEX,TEX,ISU,,,,,,WR/Super FLEX
81856-171717,QB,Bryce,Bryce Archie,Archie,,,4000,ODU@CCU,CCU,ODU,,,,,,QB/Super FLEX
81856-171720,TE,John,John Grant III,Grant III,,,4000,ODU@CCU,CCU,ODU,,,,,,WR/Super FLEX
81856-171721,QB,Dontrell,Dontrell Jackson Jr.,Jackson Jr.,,,4000,ODU@CCU,CCU,ODU,,,,,,QB/Super FLEX
81856-171725,WR,Rian,Rian Black,Black,,,4000,ODU@CCU,CCU,ODU,,,,,,WR/Super FLEX
81856-171730,TE,Brooks,Brooks Johnson,Johnson,,,4000,ODU@CCU,CCU,ODU,,,,,,WR/Super FLEX
81856-88790,TE,TJ,TJ Ivy Jr.,Ivy Jr.,,,4000,ODU@CCU,CCU,ODU,Q,Undisclosed,,,,WR/Super FLEX
81856-155353,WR,Peyton,Peyton Vining,Vining,0,3,4000,MINN@ILL,ILL,MINN,,,,,,WR/Super FLEX
81856-94944,RB,Spencer,Spencer Roe,Roe,,,4000,KU@OU,KU,OU,,,,,,RB/Super FLEX
81856-177898,RB,TreVonte',TreVonte' Citizen,Citizen,,,4000,MIA@VT,MIA,VT,O,Lower body,,,,RB/Super FLEX
81856-177896,WR,Isaiah,Isaiah Horton,Horton,,,4000,MIA@VT,MIA,VT,,,,,,WR/Super FLEX
81856-137977,QB,Josh,Josh Beetham,Beetham,,,4000,PSU@MICH,MICH,PSU,,,,,,QB/Super FLEX
81856-172799,RB,Cole,Cole Berghorn,Berghorn,,,4000,MINN@ILL,MINN,ILL,,,,,,RB/Super FLEX
81856-174847,WR,Ashton,Ashton Hollins,Hollins,,,4000,MINN@ILL,ILL,MINN,,,,,,WR/Super FLEX
81856-174844,QB,Donovan,Donovan Leary,Leary,,,4000,MINN@ILL,ILL,MINN,Q,Undisclosed,,,,QB/Super FLEX
81856-137981,WR,Owen,Owen Hickey,Hickey,,,4000,MINN@ILL,ILL,MINN,,,,,,WR/Super FLEX
81856-137985,WR,Ty,Ty Lindenman,Lindenman,,,4000,MINN@ILL,ILL,MINN,,,,,,WR/Super FLEX
81856-172806,WR,Cade,Cade Conzemius,Conzemius,,,4000,MINN@ILL,MINN,ILL,,,,,,WR/Super FLEX
81856-174854,QB,Kirkland,Kirkland Michaux,Michaux,,,4000,MINN@ILL,ILL,MINN,,,,,,QB/Super FLEX
81856-174855,TE,Henry,Henry Boyer,Boyer,,,4000,MINN@ILL,ILL,MINN,,,,,,WR/Super FLEX
81856-172804,WR,Kristen,Kristen Hoskins,Hoskins,,,4000,MINN@ILL,MINN,ILL,,,,,,WR/Super FLEX
81856-174852,QB,Jameson,Jameson Sheehan,Sheehan,,,4000,MINN@ILL,ILL,MINN,,,,,,QB/Super FLEX
81856-174853,WR,Kody,Kody Case,Case,0,1,4000,MINN@ILL,ILL,MINN,,,,,,WR/Super FLEX
81856-172811,TE,Jack,Jack DiSano,DiSano,,,4000,MINN@ILL,MINN,ILL,,,,,,WR/Super FLEX
81856-167689,WR,Dami'on,Dami'on Thompson,Thompson,,,4000,ODU@CCU,CCU,ODU,,,,,,WR/Super FLEX
81856-167694,WR,Chase,Chase Miller,Miller,,,4000,MINN@ILL,ILL,MINN,,,,,,WR/Super FLEX
81856-109324,TE,Payton,Payton Bunch,Bunch,,,4000,ODU@CCU,CCU,ODU,,,,,,WR/Super FLEX
81856-167695,RB,Aidan,Aidan Laughery,Laughery,,,4000,MINN@ILL,ILL,MINN,,,,,,RB/Super FLEX
81856-172815,WR,Evan,Evan Redding,Redding,,,4000,MINN@ILL,MINN,ILL,,,,,,WR/Super FLEX
81856-174863,TE,Naivyan,Naivyan Cargill,Cargill,,,4000,MINN@ILL,ILL,MINN,,,,,,WR/Super FLEX
81856-172812,WR,Zach,Zach Jorgensen,Jorgensen,,,4000,MINN@ILL,MINN,ILL,,,,,,WR/Super FLEX
81856-172813,QB,Jacob,Jacob Knuth,Knuth,,,4000,MINN@ILL,MINN,ILL,,,,,,QB/Super FLEX
81856-170770,WR,Whit,Whit Johnson,Johnson,,,4000,AUB@MISS,AUB,MISS,,,,,,WR/Super FLEX
81856-167696,RB,Jordan,Jordan Anderson,Anderson,,,4000,MINN@ILL,ILL,MINN,,,,,,RB/Super FLEX
81856-155409,WR,DJ,DJ Sims,Sims,,,4000,MIA@VT,VT,MIA,,,,,,WR/Super FLEX
81856-167697,WR,Shawn,Shawn Miller,Miller,,,4000,MINN@ILL,ILL,MINN,O,Undisclosed,,,,WR/Super FLEX
81856-144150,WR,Trent,Trent Mason,Mason,,,4000,AUB@MISS,AUB,MISS,,,,,,WR/Super FLEX
81856-167703,WR,Eian,Eian Pugh,Pugh,,,4000,MINN@ILL,ILL,MINN,,,,,,WR/Super FLEX
81856-144148,TE,Hayden,Hayden Brice,Brice,,,4000,AUB@MISS,AUB,MISS,,,,,,WR/Super FLEX
81856-167701,QB,Jake,Jake Huber,Huber,,,4000,MINN@ILL,ILL,MINN,,,,,,QB/Super FLEX
81856-170779,TE,Camden,Camden Etheredge,Etheredge,,,4000,AUB@MISS,AUB,MISS,,,,,,WR/Super FLEX
81856-155416,RB,Kenji,Kenji Christian,Christian,,,4000,MIA@VT,VT,MIA,,,,,,RB/Super FLEX
81856-167705,TE,Grant,Grant Hidalgo,Hidalgo,,,4000,AUB@MISS,AUB,MISS,,,,,,WR/Super FLEX
81856-170782,RB,Luke,Luke Reebals,Reebals,,,4000,AUB@MISS,AUB,MISS,,,,,,RB/Super FLEX
81856-167717,RB,Wise,Wise Gordon,Gordon,,,4000,AUB@MISS,AUB,MISS,,,,,,RB/Super FLEX
81856-158506,TE,Louis,Louis Hansen,Hansen,,,4000,PSU@MICH,MICH,PSU,,,,,,WR/Super FLEX
81856-167722,WR,Jake,Jake Kruse,Kruse,,,4000,AUB@MISS,AUB,MISS,,,,,,WR/Super FLEX
81856-138027,WR,Christian,Christian Bartholomew,Bartholomew,,,4000,PSU@MICH,MICH,PSU,,,,,,WR/Super FLEX
81856-144171,QB,Lonenoa,Lonenoa Faoa,Faoa,,,4000,MINN@ILL,MINN,ILL,,,,,,QB/Super FLEX
81856-167723,TE,Micah,Micah Riley-Ducker,Riley-Ducker,,,4000,AUB@MISS,AUB,MISS,,,,,,WR/Super FLEX
81856-158505,QB,Jesse,Jesse Madden,Madden,,,4000,PSU@MICH,MICH,PSU,,,,,,QB/Super FLEX
81856-138031,RB,Nico,Nico Tiberia,Tiberia,,,4000,PSU@MICH,MICH,PSU,,,,,,RB/Super FLEX
81856-167725,WR,Colby,Colby Stafford,Stafford,,,4000,AUB@MISS,AUB,MISS,,,,,,WR/Super FLEX
81856-138032,QB,Peyton,Peyton Smith,Smith,,,4000,PSU@MICH,MICH,PSU,,,,,,QB/Super FLEX
81856-158513,TE,Noah,Noah Howes,Howes,,,4000,PSU@MICH,MICH,PSU,,,,,,WR/Super FLEX
81856-138042,WR,Sam,Sam Staruch,Staruch,,,4000,PSU@MICH,MICH,PSU,,,,,,WR/Super FLEX
81856-138040,WR,Jake,Jake Thaw,Thaw,0,1,4000,PSU@MICH,MICH,PSU,,,,,,WR/Super FLEX
81856-89925,QB,Steven,Steven Williams,Williams,0,1,4000,ODU@CCU,ODU,CCU,,,,,,QB/Super FLEX
81856-145223,QB,Carsten,Carsten Groos,Groos,,,4000,KU@OU,OU,KU,,,,,,QB/Super FLEX
81856-89930,RB,Elijah,Elijah Davis,Davis,6.972726995294744,11,4000,ODU@CCU,ODU,CCU,,,,,,RB/Super FLEX
81856-114524,WR,Luke,Luke Lindenfeldar,Lindenfeldar,,,4000,ODU@CCU,ODU,CCU,,,,,,WR/Super FLEX
81856-111461,RB,Devyn,Devyn Ford,Ford,2.325000047683716,4,4000,PSU@MICH,PSU,MICH,O,Not injury related,,,,RB/Super FLEX
81856-154474,WR,Bralon,Bralon Brown,Brown,,,4000,AUB@MISS,MISS,AUB,,,,,,WR/Super FLEX
81856-154475,WR,Rayf,Rayf Vinson,Vinson,,,4000,AUB@MISS,MISS,AUB,,,,,,WR/Super FLEX
81856-154472,TE,Jack,Jack Greer,Greer,,,4000,AUB@MISS,MISS,AUB,,,,,,WR/Super FLEX
81856-154473,WR,Joshua,Joshua Pfeifer,Pfeifer,,,4000,AUB@MISS,MISS,AUB,,,,,,WR/Super FLEX
81856-154478,WR,Calvin,Calvin Wilson,Wilson,,,4000,AUB@MISS,MISS,AUB,,,,,,WR/Super FLEX
81856-154480,RB,Fred,Fred McAfee,McAfee,,,4000,AUB@MISS,MISS,AUB,,,,,,RB/Super FLEX
81856-167814,TE,Owen,Owen Anderson,Anderson,,,4000,MINN@ILL,ILL,MINN,,,,,,WR/Super FLEX
81856-167815,WR,Weston,Weston Adams,Adams,,,4000,MINN@ILL,ILL,MINN,,,,,,WR/Super FLEX
81856-166788,RB,William,William Mcbride,Mcbride,,,4000,PSU@MICH,MICH,PSU,,,,,,RB/Super FLEX
81856-166794,QB,Maalik,Maalik Murphy,Murphy,,,4000,ISU@TEX,TEX,ISU,,,,,,QB/Super FLEX
81856-176010,WR,Michael,Michael Hodge,Hodge,,,4000,ODU@CCU,ODU,CCU,,,,,,WR/Super FLEX
81856-167816,WR,Jordan,Jordan Knowles,Knowles,,,4000,MINN@ILL,ILL,MINN,,,,,,WR/Super FLEX
81856-103311,WR,Luke,Luke Bussel,Bussel,,,4000,MIA@VT,VT,MIA,,,,,,WR/Super FLEX
81856-114575,WR,Mathew,Mathew Harrison,Harrison,,,4000,PSU@MICH,MICH,PSU,,,,,,WR/Super FLEX
81856-85904,WR,Chris,Chris Autman-Bell,Autman-Bell,9.300000190734863,2,4000,MINN@ILL,MINN,ILL,O,Lower leg,,,,WR/Super FLEX
81856-176016,QB,Tyler,Tyler Stott,Stott,,,4000,ODU@CCU,ODU,CCU,,,,,,QB/Super FLEX
81856-176017,WR,Dominic,Dominic Dutton,Dutton,,,4000,ODU@CCU,ODU,CCU,,,,,,WR/Super FLEX
81856-85910,QB,Samuel,Samuel Pickerign,Pickerign,,,4000,MINN@ILL,MINN,ILL,Q,Foot,,,,QB/Super FLEX
81856-179097,RB,Isaiah,Isaiah Jones,Jones,,,4000,ODU@CCU,CCU,ODU,,,,,,RB/Super FLEX
81856-155550,QB,Samari,Samari Collier,Collier,,,4000,MINN@ILL,ILL,MINN,,,,,,QB/Super FLEX
81856-171933,WR,Anthony,Anthony Ivey,Ivey,,,4000,PSU@MICH,PSU,MICH,,,,,,WR/Super FLEX
81856-155552,TE,Lucas,Lucas Althaus,Althaus,,,4000,MINN@ILL,ILL,MINN,,,,,,WR/Super FLEX
81856-170919,RB,Mario,Mario Easterly,Easterly,,,4000,ODU@CCU,ODU,CCU,,,,,,RB/Super FLEX
81856-156595,TE,Jackson,Jackson Kelly,Kelly,,,4000,AUB@MISS,AUB,MISS,,,,,,WR/Super FLEX
81856-171958,RB,Logan,Logan Adkins,Adkins,,,4000,ODU@CCU,CCU,ODU,,,,,,RB/Super FLEX
81856-156599,RB,John Reese,John Reese Bellew,Bellew,,,4000,AUB@MISS,AUB,MISS,,,,,,RB/Super FLEX
81856-171957,WR,Tate,Tate Davis,Davis,,,4000,ODU@CCU,CCU,ODU,,,,,,WR/Super FLEX
81856-136121,WR,Keion,Keion Battle,Battle,,,4000,MINN@ILL,ILL,MINN,,,,,,WR/Super FLEX
81856-111549,RB,Todd,Todd Hudson,Hudson,,,4000,KU@OU,OU,KU,,,,,,RB/Super FLEX
81856-163783,RB,Tyson,Tyson Al-Jbour,Al-Jbour,,,4000,KU@OU,OU,KU,,,,,,RB/Super FLEX
81856-174028,TE,Iosefa,Iosefa Tanoai,Tanoai,,,4000,ODU@CCU,ODU,CCU,,,,,,WR/Super FLEX
81856-174033,WR,Matthew,Matthew Mancini,Mancini,,,4000,ODU@CCU,ODU,CCU,,,,,,WR/Super FLEX
81856-155608,WR,Quentin,Quentin Redding,Redding,0,4,4000,MINN@ILL,MINN,ILL,,,,,,WR/Super FLEX
81856-156640,TE,Curtis,Curtis Nixon II,Nixon II,,,4000,ODU@CCU,ODU,CCU,,,,,,WR/Super FLEX
81856-85988,WR,Cole,Cole Beck,Beck,,,4000,MIA@VT,VT,MIA,,,,,,WR/Super FLEX
81856-168940,WR,Gus,Gus Asel,Asel,,,4000,ISU@TEX,TEX,ISU,,,,,,WR/Super FLEX
81856-166893,TE,Jerry,Jerry Cross,Cross,,,4000,PSU@MICH,PSU,MICH,O,Undisclosed,,,,WR/Super FLEX
81856-152562,TE,Mike,Mike Cerniglia Jr.,Cerniglia Jr.,,,4000,MINN@ILL,ILL,MINN,,,,,,WR/Super FLEX
81856-166897,QB,Beau,Beau Pribula,Pribula,,,4000,PSU@MICH,PSU,MICH,,,,,,QB/Super FLEX